slug,decoded_slug,primary_business_name,primary_platform,enterprise_active,hydreight_active,both_active,enterprise_business_name,hydreight_business_name,enterprise_status,hydreight_status,enterprise_page_title,hydreight_page_title,enterprise_url,hydreight_url,tested_at
MTI0,124,BioXcellerator San Diego,Hydreight,False,True,False,,BioXcellerator San Diego,ERROR_PAGE,ACTIVE,undefined,BioXcellerator San Diego,https://vsdigital-bookingwidget-prod.azurewebsites.net/b/MTI0,https://booking.hydreight.com/b/MTI0,2025-06-28T11:14:51.197534
MzA0,304,Keta-Kare Infusion Therapy,Hydreight,False,True,False,,Keta-Kare Infusion Therapy,ERROR_PAGE,ACTIVE,undefined,Keta-Kare Infusion Therapy,https://vsdigital-bookingwidget-prod.azurewebsites.net/b/MzA0,https://booking.hydreight.com/b/MzA0,2025-06-28T21:40:58.399590
MzI4,328,"LoveLi Care Services, LLC",Hydreight,False,True,False,,"LoveLi Care Services, LLC",ERROR_PAGE,ACTIVE,undefined,"LoveLi Care Services, LLC",https://vsdigital-bookingwidget-prod.azurewebsites.net/b/MzI4,https://booking.hydreight.com/b/MzI4,2025-06-28T21:46:13.992712
MzI5,329,3 Rivers Pharmacy,Hydreight,False,True,False,,3 Rivers Pharmacy,ERROR_PAGE,ACTIVE,undefined,3 Rivers Pharmacy,https://vsdigital-bookingwidget-prod.azurewebsites.net/b/MzI5,https://booking.hydreight.com/b/MzI5,2025-06-28T21:46:29.402573
MzM2,336,River IV,Hydreight,False,True,False,,River IV,ERROR_PAGE,ACTIVE,undefined,River IV,https://vsdigital-bookingwidget-prod.azurewebsites.net/b/MzM2,https://booking.hydreight.com/b/MzM2,2025-06-28T21:48:01.562529
MzQy,342,AMP Acupuncture & Medical Practice,Hydreight,False,True,False,,AMP Acupuncture & Medical Practice,ERROR_PAGE,ACTIVE,undefined,AMP Acupuncture & Medical Practice,https://vsdigital-bookingwidget-prod.azurewebsites.net/b/MzQy,https://booking.hydreight.com/b/MzQy,2025-06-28T21:49:25.323392
MzUz,353,Angelo IV Therapy,Hydreight,False,True,False,,Angelo IV Therapy,ERROR_PAGE,ACTIVE,,Angelo IV Therapy,https://vsdigital-bookingwidget-prod.azurewebsites.net/b/MzUz,https://booking.hydreight.com/b/MzUz,2025-06-28T21:51:57.069737
MzU0,354,"Refresh Hydr8tion, LLC",Hydreight,False,True,False,,"Refresh Hydr8tion, LLC",ERROR_PAGE,ACTIVE,,"Refresh Hydr8tion, LLC",https://vsdigital-bookingwidget-prod.azurewebsites.net/b/MzU0,https://booking.hydreight.com/b/MzU0,2025-06-28T21:52:12.198738
MzU5,359,Test St Business,Enterprise,True,False,False,Test St Business,,ACTIVE,ERROR_PAGE,Test St Business,undefined,https://vsdigital-bookingwidget-prod.azurewebsites.net/b/MzU5,https://booking.hydreight.com/b/MzU5,2025-06-28T21:53:21.605719
MzYx,361,D - Mckinney,Enterprise,True,False,False,D - Mckinney,,ACTIVE,ERROR_PAGE,D - Mckinney,undefined,https://vsdigital-bookingwidget-prod.azurewebsites.net/b/MzYx,https://booking.hydreight.com/b/MzYx,2025-06-28T21:53:48.782133
MzYy,362,VSDH One - Kshitij test,Enterprise,True,False,False,VSDH One - Kshitij test,,ACTIVE,ERROR_PAGE,VSDH One - Kshitij test,undefined,https://vsdigital-bookingwidget-prod.azurewebsites.net/b/MzYy,https://booking.hydreight.com/b/MzYy,2025-06-28T21:54:01.613235
MzYz,363,VsProdBusiness,Enterprise,True,False,False,VsProdBusiness,,ACTIVE,ERROR_PAGE,VsProdBusiness,undefined,https://vsdigital-bookingwidget-prod.azurewebsites.net/b/MzYz,https://booking.hydreight.com/b/MzYz,2025-06-28T21:54:18.333602
MzY0,364,ST Test Business,Enterprise,True,False,False,ST Test Business,,ACTIVE,ERROR_PAGE,ST Test Business,undefined,https://vsdigital-bookingwidget-prod.azurewebsites.net/b/MzY0,https://booking.hydreight.com/b/MzY0,2025-06-28T21:54:31.959998
MzY1,365,Test SP,Enterprise,True,False,False,Test SP,,ACTIVE,ERROR_PAGE,Test SP,undefined,https://vsdigital-bookingwidget-prod.azurewebsites.net/b/MzY1,https://booking.hydreight.com/b/MzY1,2025-06-28T21:54:42.666251
MzY2,366,pHYT Medical,Enterprise,True,True,True,pHYT Medical,"2020 New Beginnings, LLc",ACTIVE,ACTIVE,pHYT Medical,"2020 New Beginnings, LLc",https://vsdigital-bookingwidget-prod.azurewebsites.net/b/MzY2,https://booking.hydreight.com/b/MzY2,2025-06-28T21:54:56.450092
MzY3,367,Drip Protocol - mobile IV therapy,Hydreight,False,True,False,,Drip Protocol - mobile IV therapy,ERROR_PAGE,ACTIVE,undefined,Drip Protocol - mobile IV therapy,https://vsdigital-bookingwidget-prod.azurewebsites.net/b/MzY3,https://booking.hydreight.com/b/MzY3,2025-06-28T21:55:08.632279
MzY4,368,Precision Telemed,Enterprise,True,True,True,Precision Telemed,IV Infusion Solutions,ACTIVE,ACTIVE,Precision Telemed,IV Infusion Solutions,https://vsdigital-bookingwidget-prod.azurewebsites.net/b/MzY4,https://booking.hydreight.com/b/MzY4,2025-06-28T21:55:21.991648
Mzcw,370,Akshay Health Center,Enterprise,True,False,False,Akshay Health Center,,ACTIVE,ERROR_PAGE,Akshay Health Center,undefined,https://vsdigital-bookingwidget-prod.azurewebsites.net/b/Mzcw,https://booking.hydreight.com/b/Mzcw,2025-06-28T21:55:48.195274
Mzgx,381,Wellspring Concierge Nurses,Hydreight,False,True,False,,Wellspring Concierge Nurses,ERROR_PAGE,ACTIVE,undefined,Wellspring Concierge Nurses,https://vsdigital-bookingwidget-prod.azurewebsites.net/b/Mzgx,https://booking.hydreight.com/b/Mzgx,2025-06-28T21:58:13.565389
Mzgz,383,Twin Peaks Wellness,Hydreight,False,True,False,,Twin Peaks Wellness,ERROR_PAGE,ACTIVE,undefined,Twin Peaks Wellness,https://vsdigital-bookingwidget-prod.azurewebsites.net/b/Mzgz,https://booking.hydreight.com/b/Mzgz,2025-06-28T21:58:37.655674
Mzk1,395,Posh Partners,Hydreight,False,True,False,,Posh Partners,ERROR_PAGE,ACTIVE,undefined,Posh Partners,https://vsdigital-bookingwidget-prod.azurewebsites.net/b/Mzk1,https://booking.hydreight.com/b/Mzk1,2025-06-28T22:01:19.983637
Mzk2,396,XiaoQing Yuan,Hydreight,False,True,False,,XiaoQing Yuan,ERROR_PAGE,ACTIVE,undefined,XiaoQing Yuan,https://vsdigital-bookingwidget-prod.azurewebsites.net/b/Mzk2,https://booking.hydreight.com/b/Mzk2,2025-06-28T22:01:33.078679
NDA1,405,Trina Rakay,Hydreight,False,True,False,,Trina Rakay,ERROR_PAGE,ACTIVE,undefined,Trina Rakay,https://vsdigital-bookingwidget-prod.azurewebsites.net/b/NDA1,https://booking.hydreight.com/b/NDA1,2025-06-28T22:03:27.501861
NDIw,420,VSDH ONE Wellness,Enterprise,True,False,False,VSDH ONE Wellness,,ACTIVE,ERROR_PAGE,VSDH ONE Wellness,undefined,https://vsdigital-bookingwidget-prod.azurewebsites.net/b/NDIw,https://booking.hydreight.com/b/NDIw,2025-06-28T22:06:45.155376
NDIx,421,Simply Renewed,Hydreight,False,True,False,,Simply Renewed,ERROR_PAGE,ACTIVE,undefined,Simply Renewed,https://vsdigital-bookingwidget-prod.azurewebsites.net/b/NDIx,https://booking.hydreight.com/b/NDIx,2025-06-28T22:06:58.332292
NDIz,423,THE DRIPBaR - Florida,Enterprise,True,False,False,THE DRIPBaR - Florida,,ACTIVE,ERROR_PAGE,THE DRIPBaR - Florida,undefined,https://vsdigital-bookingwidget-prod.azurewebsites.net/b/NDIz,https://booking.hydreight.com/b/NDIz,2025-06-28T22:07:22.419307
NDI0,424,Hydrafacial at Home,Enterprise,True,False,False,Hydrafacial at Home,,ACTIVE,ERROR_PAGE,Hydrafacial at Home,undefined,https://vsdigital-bookingwidget-prod.azurewebsites.net/b/NDI0,https://booking.hydreight.com/b/NDI0,2025-06-28T22:07:34.915450
NDI1,425,DRIPBaR Direct - Foxboro,Enterprise,True,True,True,DRIPBaR Direct - Foxboro,Coachella Valley IV Therapy LLC,ACTIVE,ACTIVE,DRIPBaR Direct - Foxboro,Coachella Valley IV Therapy LLC,https://vsdigital-bookingwidget-prod.azurewebsites.net/b/NDI1,https://booking.hydreight.com/b/NDI1,2025-06-28T22:07:48.328386
NDI2,426,Oh My Olivia,Enterprise,True,False,False,Oh My Olivia,,ACTIVE,ERROR_PAGE,Oh My Olivia,undefined,https://vsdigital-bookingwidget-prod.azurewebsites.net/b/NDI2,https://booking.hydreight.com/b/NDI2,2025-06-28T22:08:00.208744
NDI5,429,Wellspring Concierge Nurses2,Hydreight,False,True,False,,Wellspring Concierge Nurses2,ERROR_PAGE,ACTIVE,undefined,Wellspring Concierge Nurses2,https://vsdigital-bookingwidget-prod.azurewebsites.net/b/NDI5,https://booking.hydreight.com/b/NDI5,2025-06-28T22:08:39.862524
NDM1,435,Elevation Hydration,Hydreight,False,True,False,,Elevation Hydration,ERROR_PAGE,ACTIVE,undefined,Elevation Hydration,https://vsdigital-bookingwidget-prod.azurewebsites.net/b/NDM1,https://booking.hydreight.com/b/NDM1,2025-06-28T22:09:55.438270
NDQ5,449,Rejuvenation Station LLC,Hydreight,False,True,False,,Rejuvenation Station LLC,ERROR_PAGE,ACTIVE,undefined,Rejuvenation Station LLC,https://vsdigital-bookingwidget-prod.azurewebsites.net/b/NDQ5,https://booking.hydreight.com/b/NDQ5,2025-06-28T22:13:05.911561
NDY3,467,Glo Hydration,Hydreight,False,True,False,,Glo Hydration,ERROR_PAGE,ACTIVE,undefined,Glo Hydration,https://vsdigital-bookingwidget-prod.azurewebsites.net/b/NDY3,https://booking.hydreight.com/b/NDY3,2025-06-28T22:17:00.757602
NDc1,475,Alpha Fit And Rejuvenation,Hydreight,False,True,False,,Alpha Fit And Rejuvenation,ERROR_PAGE,ACTIVE,undefined,Alpha Fit And Rejuvenation,https://vsdigital-bookingwidget-prod.azurewebsites.net/b/NDc1,https://booking.hydreight.com/b/NDc1,2025-06-28T22:18:47.474899
NDc3,477,Nuweigh Nutrition & Weight Loss,Enterprise,True,True,True,Nuweigh Nutrition & Weight Loss,Kayla Austin,ACTIVE,ACTIVE,Nuweigh Nutrition & Weight Loss,Kayla Austin,https://vsdigital-bookingwidget-prod.azurewebsites.net/b/NDc3,https://booking.hydreight.com/b/NDc3,2025-06-28T22:19:15.940222
NDc4,478,DRIPBaR Direct- Hawaii,Enterprise,True,True,True,DRIPBaR Direct- Hawaii,InVigoration Hydration,ACTIVE,ACTIVE,DRIPBaR Direct- Hawaii,InVigoration Hydration,https://vsdigital-bookingwidget-prod.azurewebsites.net/b/NDc4,https://booking.hydreight.com/b/NDc4,2025-06-28T22:19:31.170258
NDc5,479,DRIPBaR Direct - Rye,Enterprise,True,False,False,DRIPBaR Direct - Rye,,ACTIVE,ERROR_PAGE,DRIPBaR Direct - Rye,undefined,https://vsdigital-bookingwidget-prod.azurewebsites.net/b/NDc5,https://booking.hydreight.com/b/NDc5,2025-06-28T22:19:42.895940
NDgw,480,DRIPBaR Direct - Clifton Park,Enterprise,True,False,False,DRIPBaR Direct - Clifton Park,,ACTIVE,ERROR_PAGE,DRIPBaR Direct - Clifton Park,undefined,https://vsdigital-bookingwidget-prod.azurewebsites.net/b/NDgw,https://booking.hydreight.com/b/NDgw,2025-06-28T22:19:54.738239
NDgx,481,Dripbar Direct - Andover,Enterprise,True,False,False,Dripbar Direct - Andover,,ACTIVE,ERROR_PAGE,Dripbar Direct - Andover,undefined,https://vsdigital-bookingwidget-prod.azurewebsites.net/b/NDgx,https://booking.hydreight.com/b/NDgx,2025-06-28T22:20:07.596651
NDgy,482,Dripbar Direct - Grand Rapids,Enterprise,True,False,False,Dripbar Direct - Grand Rapids,,ACTIVE,ERROR_PAGE,Dripbar Direct - Grand Rapids,undefined,https://vsdigital-bookingwidget-prod.azurewebsites.net/b/NDgy,https://booking.hydreight.com/b/NDgy,2025-06-28T22:20:20.064157
NDgz,483,DRIPBaR Direct - Bedford,Enterprise,True,True,True,DRIPBaR Direct - Bedford,Peek A View Baby,ACTIVE,ACTIVE,DRIPBaR Direct - Bedford,Peek A View Baby,https://vsdigital-bookingwidget-prod.azurewebsites.net/b/NDgz,https://booking.hydreight.com/b/NDgz,2025-06-28T22:20:31.494210
NDg0,484,The DRIPBaR Direct - Virginia Beach (VA),Enterprise,True,False,False,The DRIPBaR Direct - Virginia Beach (VA),,ACTIVE,ERROR_PAGE,The DRIPBaR Direct - Virginia Beach (VA),undefined,https://vsdigital-bookingwidget-prod.azurewebsites.net/b/NDg0,https://booking.hydreight.com/b/NDg0,2025-06-28T22:20:45.350782
NDg1,485,Dripbar Direct - Greensboro,Enterprise,True,False,False,Dripbar Direct - Greensboro,,ACTIVE,ERROR_PAGE,Dripbar Direct - Greensboro,undefined,https://vsdigital-bookingwidget-prod.azurewebsites.net/b/NDg1,https://booking.hydreight.com/b/NDg1,2025-06-28T22:20:58.256530
NDg2,486,Dripbar Direct - Lee's Summit,Enterprise,True,False,False,Dripbar Direct - Lee's Summit,,ACTIVE,ERROR_PAGE,Dripbar Direct - Lee's Summit,undefined,https://vsdigital-bookingwidget-prod.azurewebsites.net/b/NDg2,https://booking.hydreight.com/b/NDg2,2025-06-28T22:21:11.104035
NDg3,487,Dripbar Direct - Richmond,Enterprise,True,False,False,Dripbar Direct - Richmond,,ACTIVE,ERROR_PAGE,Dripbar Direct - Richmond,undefined,https://vsdigital-bookingwidget-prod.azurewebsites.net/b/NDg3,https://booking.hydreight.com/b/NDg3,2025-06-28T22:21:23.977716
NDg4,488,Dripbar Direct - San Angelo,Enterprise,True,False,False,Dripbar Direct - San Angelo,,ACTIVE,ERROR_PAGE,Dripbar Direct - San Angelo,undefined,https://vsdigital-bookingwidget-prod.azurewebsites.net/b/NDg4,https://booking.hydreight.com/b/NDg4,2025-06-28T22:21:36.552411
NDg5,489,Dripbar Direct - Statesboro,Enterprise,True,False,False,Dripbar Direct - Statesboro,,ACTIVE,ERROR_PAGE,Dripbar Direct - Statesboro,undefined,https://vsdigital-bookingwidget-prod.azurewebsites.net/b/NDg5,https://booking.hydreight.com/b/NDg5,2025-06-28T22:21:49.446251
NDkw,490,Dripbar Direct - Alamo Ranch SATX,Enterprise,True,False,False,Dripbar Direct - Alamo Ranch SATX,,ACTIVE,ERROR_PAGE,Dripbar Direct - Alamo Ranch SATX,undefined,https://vsdigital-bookingwidget-prod.azurewebsites.net/b/NDkw,https://booking.hydreight.com/b/NDkw,2025-06-28T22:22:01.907590
NDkx,491,Dripbar Direct - Bowling Green,Enterprise,True,False,False,Dripbar Direct - Bowling Green,,ACTIVE,ERROR_PAGE,Dripbar Direct - Bowling Green,undefined,https://vsdigital-bookingwidget-prod.azurewebsites.net/b/NDkx,https://booking.hydreight.com/b/NDkx,2025-06-28T22:22:15.758531
NDky,492,Dripbar Direct - Hammond,Enterprise,True,False,False,Dripbar Direct - Hammond,,ACTIVE,ERROR_PAGE,Dripbar Direct - Hammond,undefined,https://vsdigital-bookingwidget-prod.azurewebsites.net/b/NDky,https://booking.hydreight.com/b/NDky,2025-06-28T22:22:28.643054
NDkz,493,Optimal Lean Life,Enterprise,True,False,False,Optimal Lean Life,,ACTIVE,ERROR_PAGE,Optimal Lean Life,undefined,https://vsdigital-bookingwidget-prod.azurewebsites.net/b/NDkz,https://booking.hydreight.com/b/NDkz,2025-06-28T22:22:40.392547
NDk2,496,Desert IV Hydration,Hydreight,False,True,False,,Desert IV Hydration,ERROR_PAGE,ACTIVE,undefined,Desert IV Hydration,https://vsdigital-bookingwidget-prod.azurewebsites.net/b/NDk2,https://booking.hydreight.com/b/NDk2,2025-06-28T22:23:18.862990
NTEw,510,Rescue Nurse IV,Hydreight,False,True,False,,Rescue Nurse IV,ERROR_PAGE,ACTIVE,undefined,Rescue Nurse IV,https://vsdigital-bookingwidget-prod.azurewebsites.net/b/NTEw,https://booking.hydreight.com/b/NTEw,2025-06-28T22:26:23.341778
NTEx,511,"LAS IV Therapy, LLC",Hydreight,False,True,False,,"LAS IV Therapy, LLC",ERROR_PAGE,ACTIVE,undefined,"LAS IV Therapy, LLC",https://vsdigital-bookingwidget-prod.azurewebsites.net/b/NTEx,https://booking.hydreight.com/b/NTEx,2025-06-28T22:26:35.983048
NTEy,512,IV Fusion & Wellness of Augusta,Hydreight,False,True,False,,IV Fusion & Wellness of Augusta,ERROR_PAGE,ACTIVE,undefined,IV Fusion & Wellness of Augusta,https://vsdigital-bookingwidget-prod.azurewebsites.net/b/NTEy,https://booking.hydreight.com/b/NTEy,2025-06-28T22:26:50.215831
NTE0,514,Ocean Bay Aesthetics,Hydreight,False,True,False,,Ocean Bay Aesthetics,ERROR_PAGE,ACTIVE,undefined,Ocean Bay Aesthetics,https://vsdigital-bookingwidget-prod.azurewebsites.net/b/NTE0,https://booking.hydreight.com/b/NTE0,2025-06-28T22:27:17.597353
NTIw,520,Beauty & Wellness IV Clinic,Hydreight,False,True,False,,Beauty & Wellness IV Clinic,ERROR_PAGE,ACTIVE,undefined,Beauty & Wellness IV Clinic,https://vsdigital-bookingwidget-prod.azurewebsites.net/b/NTIw,https://booking.hydreight.com/b/NTIw,2025-06-28T22:28:34.840776
NTI2,526,Vitality of Treasure Valley,Hydreight,False,True,False,,Vitality of Treasure Valley,ERROR_PAGE,ACTIVE,undefined,Vitality of Treasure Valley,https://vsdigital-bookingwidget-prod.azurewebsites.net/b/NTI2,https://booking.hydreight.com/b/NTI2,2025-06-28T22:29:58.538497
NTMx,531,Imani’s Heavenly Care Coral Springs,Hydreight,False,True,False,,Imani’s Heavenly Care Coral Springs,ERROR_PAGE,ACTIVE,undefined,Imani’s Heavenly Care Coral Springs,https://vsdigital-bookingwidget-prod.azurewebsites.net/b/NTMx,https://booking.hydreight.com/b/NTMx,2025-06-28T22:31:05.065034
NTM4,538,State 48 Hydrate,Hydreight,False,True,False,,State 48 Hydrate,ERROR_PAGE,ACTIVE,undefined,State 48 Hydrate,https://vsdigital-bookingwidget-prod.azurewebsites.net/b/NTM4,https://booking.hydreight.com/b/NTM4,2025-06-28T22:32:36.528976
NTQw,540,Drip Hydration,Hydreight,False,True,False,,Drip Hydration,ERROR_PAGE,ACTIVE,undefined,Drip Hydration,https://vsdigital-bookingwidget-prod.azurewebsites.net/b/NTQw,https://booking.hydreight.com/b/NTQw,2025-06-28T22:33:03.137769
NTQx,541,TWO H20 IV Therapy,Hydreight,False,True,False,,TWO H20 IV Therapy,ERROR_PAGE,ACTIVE,undefined,TWO H20 IV Therapy,https://vsdigital-bookingwidget-prod.azurewebsites.net/b/NTQx,https://booking.hydreight.com/b/NTQx,2025-06-28T22:33:16.686506
NTQy,542,Integrated Functional Health,Hydreight,False,True,False,,Integrated Functional Health,ERROR_PAGE,ACTIVE,undefined,Integrated Functional Health,https://vsdigital-bookingwidget-prod.azurewebsites.net/b/NTQy,https://booking.hydreight.com/b/NTQy,2025-06-28T22:33:29.539699
NTQz,543,Dripbar Direct - Portsmouth,Enterprise,True,False,False,Dripbar Direct - Portsmouth,,ACTIVE,ERROR_PAGE,Dripbar Direct - Portsmouth,undefined,https://vsdigital-bookingwidget-prod.azurewebsites.net/b/NTQz,https://booking.hydreight.com/b/NTQz,2025-06-28T22:33:42.948419
NTQ0,544,The DRIPBaR Direct - Scranton (PA),Enterprise,True,True,True,The DRIPBaR Direct - Scranton (PA),Lindsay Grimes,ACTIVE,ACTIVE,The DRIPBaR Direct - Scranton (PA),Lindsay Grimes,https://vsdigital-bookingwidget-prod.azurewebsites.net/b/NTQ0,https://booking.hydreight.com/b/NTQ0,2025-06-28T22:34:00.138364
NTQ1,545,Long island IV vitamin drip llc,Enterprise,True,False,False,Long island IV vitamin drip llc,,ACTIVE,ERROR_PAGE,Long island IV vitamin drip llc,undefined,https://vsdigital-bookingwidget-prod.azurewebsites.net/b/NTQ1,https://booking.hydreight.com/b/NTQ1,2025-06-28T22:34:18.007729
NTQ2,546,Dripbar Direct - Royal Palm Beach,Enterprise,True,False,False,Dripbar Direct - Royal Palm Beach,,ACTIVE,ERROR_PAGE,Dripbar Direct - Royal Palm Beach,undefined,https://vsdigital-bookingwidget-prod.azurewebsites.net/b/NTQ2,https://booking.hydreight.com/b/NTQ2,2025-06-28T22:34:31.631345
NTQ3,547,Dripbar Direct - Delray,Enterprise,True,False,False,Dripbar Direct - Delray,,ACTIVE,ERROR_PAGE,Dripbar Direct - Delray,undefined,https://vsdigital-bookingwidget-prod.azurewebsites.net/b/NTQ3,https://booking.hydreight.com/b/NTQ3,2025-06-28T22:34:43.318339
NTQ4,548,The DRIPBaR Direct - Beverly,Enterprise,True,True,True,The DRIPBaR Direct - Beverly,Set4LifeIV,ACTIVE,ACTIVE,The DRIPBaR Direct - Beverly,Set4LifeIV,https://vsdigital-bookingwidget-prod.azurewebsites.net/b/NTQ4,https://booking.hydreight.com/b/NTQ4,2025-06-28T22:34:56.747521
NTQ5,549,Dripbar Direct - Lubbock,Enterprise,True,False,False,Dripbar Direct - Lubbock,,ACTIVE,ERROR_PAGE,Dripbar Direct - Lubbock,undefined,https://vsdigital-bookingwidget-prod.azurewebsites.net/b/NTQ5,https://booking.hydreight.com/b/NTQ5,2025-06-28T22:35:09.301222
NTUw,550,The DRIPBaR Direct - Mooresville (NC),Enterprise,True,False,False,The DRIPBaR Direct - Mooresville (NC),,ACTIVE,ERROR_PAGE,The DRIPBaR Direct - Mooresville (NC),undefined,https://vsdigital-bookingwidget-prod.azurewebsites.net/b/NTUw,https://booking.hydreight.com/b/NTUw,2025-06-28T22:35:23.137643
NTUx,551,Dripbar Direct - Atlanta,Enterprise,True,False,False,Dripbar Direct - Atlanta,,ACTIVE,ERROR_PAGE,Dripbar Direct - Atlanta,undefined,https://vsdigital-bookingwidget-prod.azurewebsites.net/b/NTUx,https://booking.hydreight.com/b/NTUx,2025-06-28T22:35:36.978670
NTUy,552,Dripbar Direct - Greenville,Enterprise,True,True,True,Dripbar Direct - Greenville,"Instant Vitality Mobile IV and Aesthetics, LLC",ACTIVE,ACTIVE,Dripbar Direct - Greenville,"Instant Vitality Mobile IV and Aesthetics, LLC",https://vsdigital-bookingwidget-prod.azurewebsites.net/b/NTUy,https://booking.hydreight.com/b/NTUy,2025-06-28T22:35:52.089193
NTUz,553,Dripbar Direct - Grand Forks,Enterprise,True,True,True,Dripbar Direct - Grand Forks,Lush IV Hydration,ACTIVE,ACTIVE,Dripbar Direct - Grand Forks,Lush IV Hydration,https://vsdigital-bookingwidget-prod.azurewebsites.net/b/NTUz,https://booking.hydreight.com/b/NTUz,2025-06-28T22:36:06.892670
NTU0,554,Dripbar Direct - Fairfield,Enterprise,True,True,True,Dripbar Direct - Fairfield,Arie Wellness LLC,ACTIVE,ACTIVE,Dripbar Direct - Fairfield,Arie Wellness LLC,https://vsdigital-bookingwidget-prod.azurewebsites.net/b/NTU0,https://booking.hydreight.com/b/NTU0,2025-06-28T22:36:18.607085
NTU1,555,Dripbar Direct - Northville,Enterprise,True,False,False,Dripbar Direct - Northville,,ACTIVE,ERROR_PAGE,Dripbar Direct - Northville,undefined,https://vsdigital-bookingwidget-prod.azurewebsites.net/b/NTU1,https://booking.hydreight.com/b/NTU1,2025-06-28T22:36:31.945611
NTU2,556,The DRIPBaR Direct - Edwardsville Glen Carbon,Enterprise,True,True,True,The DRIPBaR Direct - Edwardsville Glen Carbon,Mary Robinson,ACTIVE,ACTIVE,The DRIPBaR Direct - Edwardsville Glen Carbon,Mary Robinson,https://vsdigital-bookingwidget-prod.azurewebsites.net/b/NTU2,https://booking.hydreight.com/b/NTU2,2025-06-28T22:36:47.034263
NTU3,557,Dripbar Direct - Cumming,Enterprise,True,False,False,Dripbar Direct - Cumming,,ACTIVE,ERROR_PAGE,Dripbar Direct - Cumming,undefined,https://vsdigital-bookingwidget-prod.azurewebsites.net/b/NTU3,https://booking.hydreight.com/b/NTU3,2025-06-28T22:37:02.374684
NTU4,558,Dripbar Direct - Newport,Enterprise,True,False,False,Dripbar Direct - Newport,,ACTIVE,ERROR_PAGE,Dripbar Direct - Newport,undefined,https://vsdigital-bookingwidget-prod.azurewebsites.net/b/NTU4,https://booking.hydreight.com/b/NTU4,2025-06-28T22:37:16.784593
NTU5,559,Dripbar Direct - Naples,Enterprise,True,True,True,Dripbar Direct - Naples,The Skin Twin RNs,ACTIVE,ACTIVE,Dripbar Direct - Naples,The Skin Twin RNs,https://vsdigital-bookingwidget-prod.azurewebsites.net/b/NTU5,https://booking.hydreight.com/b/NTU5,2025-06-28T22:37:29.991598
NTYw,560,Dripbar Direct - Midlothian,Enterprise,True,False,False,Dripbar Direct - Midlothian,,ACTIVE,ERROR_PAGE,Dripbar Direct - Midlothian,undefined,https://vsdigital-bookingwidget-prod.azurewebsites.net/b/NTYw,https://booking.hydreight.com/b/NTYw,2025-06-28T22:37:43.129702
NTYx,561,test ksh,Enterprise,True,False,False,test ksh,,ACTIVE,ERROR_PAGE,test ksh,undefined,https://vsdigital-bookingwidget-prod.azurewebsites.net/b/NTYx,https://booking.hydreight.com/b/NTYx,2025-06-28T22:37:59.804803
NTYy,562,YouNique Medical,Enterprise,True,True,True,YouNique Medical,Wellness In Motion,ACTIVE,ACTIVE,YouNique Medical,Wellness In Motion,https://vsdigital-bookingwidget-prod.azurewebsites.net/b/NTYy,https://booking.hydreight.com/b/NTYy,2025-06-28T22:38:15.362861
NTYz,563,Dripbar Direct - Fort Lauderdale,Enterprise,True,False,False,Dripbar Direct - Fort Lauderdale,,ACTIVE,ERROR_PAGE,Dripbar Direct - Fort Lauderdale,undefined,https://vsdigital-bookingwidget-prod.azurewebsites.net/b/NTYz,https://booking.hydreight.com/b/NTYz,2025-06-28T22:38:33.546206
NTY0,564,Dripbar Direct - Largo,Enterprise,True,False,False,Dripbar Direct - Largo,,ACTIVE,ERROR_PAGE,Dripbar Direct - Largo,undefined,https://vsdigital-bookingwidget-prod.azurewebsites.net/b/NTY0,https://booking.hydreight.com/b/NTY0,2025-06-28T22:38:48.155928
NTY1,565,Dripbar Direct - North Miami,Enterprise,True,True,True,Dripbar Direct - North Miami,Kimberly Beasley,ACTIVE,ACTIVE,Dripbar Direct - North Miami,Kimberly Beasley,https://vsdigital-bookingwidget-prod.azurewebsites.net/b/NTY1,https://booking.hydreight.com/b/NTY1,2025-06-28T22:39:01.740379
NTY2,566,Dripbar Direct - Garden City,Enterprise,True,False,False,Dripbar Direct - Garden City,,ACTIVE,ERROR_PAGE,Dripbar Direct - Garden City,undefined,https://vsdigital-bookingwidget-prod.azurewebsites.net/b/NTY2,https://booking.hydreight.com/b/NTY2,2025-06-28T22:39:18.482840
NTY3,567,Dripbar Direct - Brielle,Enterprise,True,False,False,Dripbar Direct - Brielle,,ACTIVE,ERROR_PAGE,Dripbar Direct - Brielle,undefined,https://vsdigital-bookingwidget-prod.azurewebsites.net/b/NTY3,https://booking.hydreight.com/b/NTY3,2025-06-28T22:39:30.946216
NTY4,568,Dripbar Direct - Owasso,Enterprise,True,False,False,Dripbar Direct - Owasso,,ACTIVE,ERROR_PAGE,Dripbar Direct - Owasso,undefined,https://vsdigital-bookingwidget-prod.azurewebsites.net/b/NTY4,https://booking.hydreight.com/b/NTY4,2025-06-28T22:39:42.802298
NTY5,569,Dripbar Direct - Winchester,Enterprise,True,False,False,Dripbar Direct - Winchester,,ACTIVE,ERROR_PAGE,Dripbar Direct - Winchester,undefined,https://vsdigital-bookingwidget-prod.azurewebsites.net/b/NTY5,https://booking.hydreight.com/b/NTY5,2025-06-28T22:39:57.361539
NTcw,570,Dripbar Direct - Gahanna - New Albany,Enterprise,True,False,False,Dripbar Direct - Gahanna - New Albany,,ACTIVE,ERROR_PAGE,Dripbar Direct - Gahanna - New Albany,undefined,https://vsdigital-bookingwidget-prod.azurewebsites.net/b/NTcw,https://booking.hydreight.com/b/NTcw,2025-06-28T22:40:10.134425
NTcx,571,Dripbar Direct - Rochester Hills,Enterprise,True,False,False,Dripbar Direct - Rochester Hills,,ACTIVE,ERROR_PAGE,Dripbar Direct - Rochester Hills,undefined,https://vsdigital-bookingwidget-prod.azurewebsites.net/b/NTcx,https://booking.hydreight.com/b/NTcx,2025-06-28T22:40:22.175087
NTcy,572,Dripbar Direct - Town and Country,Enterprise,True,False,False,Dripbar Direct - Town and Country,,ACTIVE,ERROR_PAGE,Dripbar Direct - Town and Country,undefined,https://vsdigital-bookingwidget-prod.azurewebsites.net/b/NTcy,https://booking.hydreight.com/b/NTcy,2025-06-28T22:40:34.928758
NTcz,573,Dripbar Direct - Doylestown,Enterprise,True,False,False,Dripbar Direct - Doylestown,,ACTIVE,ERROR_PAGE,Dripbar Direct - Doylestown,undefined,https://vsdigital-bookingwidget-prod.azurewebsites.net/b/NTcz,https://booking.hydreight.com/b/NTcz,2025-06-28T22:40:49.471039
NTc0,574,Dripbar Direct - Burleson,Enterprise,True,False,False,Dripbar Direct - Burleson,,ACTIVE,ERROR_PAGE,Dripbar Direct - Burleson,undefined,https://vsdigital-bookingwidget-prod.azurewebsites.net/b/NTc0,https://booking.hydreight.com/b/NTc0,2025-06-28T22:41:01.712968
NTc1,575,Dripbar Direct - Manhattan,Enterprise,True,False,False,Dripbar Direct - Manhattan,,ACTIVE,ERROR_PAGE,Dripbar Direct - Manhattan,undefined,https://vsdigital-bookingwidget-prod.azurewebsites.net/b/NTc1,https://booking.hydreight.com/b/NTc1,2025-06-28T22:41:12.893942
NTc2,576,Dripbar Direct - Fayetteville,Enterprise,True,False,False,Dripbar Direct - Fayetteville,,ACTIVE,ERROR_PAGE,Dripbar Direct - Fayetteville,undefined,https://vsdigital-bookingwidget-prod.azurewebsites.net/b/NTc2,https://booking.hydreight.com/b/NTc2,2025-06-28T22:41:25.103163
NTc3,577,Dripbar Direct - Frisco,Enterprise,True,True,True,Dripbar Direct - Frisco,Amanda Moody,ACTIVE,ACTIVE,Dripbar Direct - Frisco,Amanda Moody,https://vsdigital-bookingwidget-prod.azurewebsites.net/b/NTc3,https://booking.hydreight.com/b/NTc3,2025-06-28T22:41:39.496902
NTc4,578,Dripbar Direct - Reston,Enterprise,True,True,True,Dripbar Direct - Reston,Juanita George,ACTIVE,ACTIVE,Dripbar Direct - Reston,Juanita George,https://vsdigital-bookingwidget-prod.azurewebsites.net/b/NTc4,https://booking.hydreight.com/b/NTc4,2025-06-28T22:41:51.777187
NTc5,579,Dripbar Direct - California,Enterprise,True,False,False,Dripbar Direct - California,,ACTIVE,ERROR_PAGE,Dripbar Direct - California,undefined,https://vsdigital-bookingwidget-prod.azurewebsites.net/b/NTc5,https://booking.hydreight.com/b/NTc5,2025-06-28T22:42:04.004994
NTgw,580,Dripbar Direct - Crown Point,Enterprise,True,False,False,Dripbar Direct - Crown Point,,ACTIVE,ERROR_PAGE,Dripbar Direct - Crown Point,undefined,https://vsdigital-bookingwidget-prod.azurewebsites.net/b/NTgw,https://booking.hydreight.com/b/NTgw,2025-06-28T22:42:17.704374
NTgx,581,Dripbar Direct - Fort Oglethorpe,Enterprise,True,False,False,Dripbar Direct - Fort Oglethorpe,,ACTIVE,ERROR_PAGE,Dripbar Direct - Fort Oglethorpe,undefined,https://vsdigital-bookingwidget-prod.azurewebsites.net/b/NTgx,https://booking.hydreight.com/b/NTgx,2025-06-28T22:42:29.963314
NTgy,582,Dripbar Direct - Stafford,Enterprise,True,True,True,Dripbar Direct - Stafford,Luscious Hydration and Aesthetics,ACTIVE,ACTIVE,Dripbar Direct - Stafford,Luscious Hydration and Aesthetics,https://vsdigital-bookingwidget-prod.azurewebsites.net/b/NTgy,https://booking.hydreight.com/b/NTgy,2025-06-28T22:42:42.208469
NTgz,583,Dripbar Direct - Austin Four Points,Enterprise,True,False,False,Dripbar Direct - Austin Four Points,,ACTIVE,ERROR_PAGE,Dripbar Direct - Austin Four Points,undefined,https://vsdigital-bookingwidget-prod.azurewebsites.net/b/NTgz,https://booking.hydreight.com/b/NTgz,2025-06-28T22:42:54.723262
NTg0,584,Dripbar Direct - Anchorage,Enterprise,True,False,False,Dripbar Direct - Anchorage,,ACTIVE,ERROR_PAGE,Dripbar Direct - Anchorage,undefined,https://vsdigital-bookingwidget-prod.azurewebsites.net/b/NTg0,https://booking.hydreight.com/b/NTg0,2025-06-28T22:43:07.130812
NTg1,585,Dripbar Direct - Las Vegas Cameron Corner,Enterprise,True,False,False,Dripbar Direct - Las Vegas Cameron Corner,,ACTIVE,ERROR_PAGE,Dripbar Direct - Las Vegas Cameron Corner,undefined,https://vsdigital-bookingwidget-prod.azurewebsites.net/b/NTg1,https://booking.hydreight.com/b/NTg1,2025-06-28T22:43:19.368213
NTg2,586,DBD Master,Enterprise,True,False,False,DBD Master,,ACTIVE,ERROR_PAGE,DBD Master,undefined,https://vsdigital-bookingwidget-prod.azurewebsites.net/b/NTg2,https://booking.hydreight.com/b/NTg2,2025-06-28T22:43:31.844592
NTk2,596,Plumped IV Hydration and Aesthetics,Hydreight,False,True,False,,Plumped IV Hydration and Aesthetics,ERROR_PAGE,ACTIVE,undefined,Plumped IV Hydration and Aesthetics,https://vsdigital-bookingwidget-prod.azurewebsites.net/b/NTk2,https://booking.hydreight.com/b/NTk2,2025-06-28T22:45:38.028320
NTk5,599,Retired,Hydreight,False,True,False,,Retired,ERROR_PAGE,ACTIVE,undefined,Retired,https://vsdigital-bookingwidget-prod.azurewebsites.net/b/NTk5,https://booking.hydreight.com/b/NTk5,2025-06-28T22:46:16.930584
NjA0,604,RN Therapeutics Holistic Health,Hydreight,False,True,False,,RN Therapeutics Holistic Health,ERROR_PAGE,ACTIVE,undefined,RN Therapeutics Holistic Health,https://vsdigital-bookingwidget-prod.azurewebsites.net/b/NjA0,https://booking.hydreight.com/b/NjA0,2025-06-28T22:47:20.295063
NjE2,616,Thrive712,Hydreight,False,True,False,,Thrive712,ERROR_PAGE,ACTIVE,undefined,Thrive712,https://vsdigital-bookingwidget-prod.azurewebsites.net/b/NjE2,https://booking.hydreight.com/b/NjE2,2025-06-28T22:49:54.138020
NjE3,617,Hydration Health and Wellness,Hydreight,False,True,False,,Hydration Health and Wellness,ERROR_PAGE,ACTIVE,undefined,Hydration Health and Wellness,https://vsdigital-bookingwidget-prod.azurewebsites.net/b/NjE3,https://booking.hydreight.com/b/NjE3,2025-06-28T22:50:06.635029
NjIy,622,Lux Psychiatric Services PLLC,Hydreight,False,True,False,,Lux Psychiatric Services PLLC,ERROR_PAGE,ACTIVE,undefined,Lux Psychiatric Services PLLC,https://vsdigital-bookingwidget-prod.azurewebsites.net/b/NjIy,https://booking.hydreight.com/b/NjIy,2025-06-28T22:51:09.946748
NjI1,625,elivate lounge and beauty bar,Hydreight,False,True,False,,elivate lounge and beauty bar,ERROR_PAGE,ACTIVE,undefined,elivate lounge and beauty bar,https://vsdigital-bookingwidget-prod.azurewebsites.net/b/NjI1,https://booking.hydreight.com/b/NjI1,2025-06-28T22:51:45.865052
NjI5,629,Aesthetics by Vandy,Hydreight,False,True,False,,Aesthetics by Vandy,ERROR_PAGE,ACTIVE,undefined,Aesthetics by Vandy,https://vsdigital-bookingwidget-prod.azurewebsites.net/b/NjI5,https://booking.hydreight.com/b/NjI5,2025-06-28T22:52:41.500330
NjMx,631,Body Quench LLC,Hydreight,False,True,False,,Body Quench LLC,ERROR_PAGE,ACTIVE,undefined,Body Quench LLC,https://vsdigital-bookingwidget-prod.azurewebsites.net/b/NjMx,https://booking.hydreight.com/b/NjMx,2025-06-28T22:53:06.262041
NjM1,635,"VITALITY Aesthetic & Wellness, Inc.",Hydreight,False,True,False,,"VITALITY Aesthetic & Wellness, Inc.",ERROR_PAGE,ACTIVE,undefined,"VITALITY Aesthetic & Wellness, Inc.",https://vsdigital-bookingwidget-prod.azurewebsites.net/b/NjM1,https://booking.hydreight.com/b/NjM1,2025-06-28T22:53:55.904972
NjM2,636,DRIPBaR Direct - Edina,Enterprise,True,True,True,DRIPBaR Direct - Edina,Daphne Brice,ACTIVE,ACTIVE,DRIPBaR Direct - Edina,Daphne Brice,https://vsdigital-bookingwidget-prod.azurewebsites.net/b/NjM2,https://booking.hydreight.com/b/NjM2,2025-06-28T22:54:08.242727
NjM3,637,Dripbar Direct - Sebring,Enterprise,True,False,False,Dripbar Direct - Sebring,,ACTIVE,ERROR_PAGE,Dripbar Direct - Sebring,undefined,https://vsdigital-bookingwidget-prod.azurewebsites.net/b/NjM3,https://booking.hydreight.com/b/NjM3,2025-06-28T22:54:22.870407
NjM4,638,Dripbar Direct - Butler Kinnelon,Enterprise,True,True,True,Dripbar Direct - Butler Kinnelon,Total Wellness Infusion Center,ACTIVE,ACTIVE,Dripbar Direct - Butler Kinnelon,Total Wellness Infusion Center,https://vsdigital-bookingwidget-prod.azurewebsites.net/b/NjM4,https://booking.hydreight.com/b/NjM4,2025-06-28T22:54:35.115146
NjM5,639,Dripbar Direct - Phoenix Biltmore,Enterprise,True,False,False,Dripbar Direct - Phoenix Biltmore,,ACTIVE,ERROR_PAGE,Dripbar Direct - Phoenix Biltmore,undefined,https://vsdigital-bookingwidget-prod.azurewebsites.net/b/NjM5,https://booking.hydreight.com/b/NjM5,2025-06-28T22:54:47.338988
NjQw,640,Philadelphia Medical Group,Enterprise,True,False,False,Philadelphia Medical Group,,ACTIVE,ERROR_PAGE,Philadelphia Medical Group,undefined,https://vsdigital-bookingwidget-prod.azurewebsites.net/b/NjQw,https://booking.hydreight.com/b/NjQw,2025-06-28T22:55:00.249433
NjQx,641,Dripbar Direct - Dallas,Enterprise,True,False,False,Dripbar Direct - Dallas,,ACTIVE,ERROR_PAGE,Dripbar Direct - Dallas,undefined,https://vsdigital-bookingwidget-prod.azurewebsites.net/b/NjQx,https://booking.hydreight.com/b/NjQx,2025-06-28T22:55:12.683361
NjQy,642,The DRIPBaR Direct - St. Johns (FL),Enterprise,True,False,False,The DRIPBaR Direct - St. Johns (FL),,ACTIVE,ERROR_PAGE,The DRIPBaR Direct - St. Johns (FL),undefined,https://vsdigital-bookingwidget-prod.azurewebsites.net/b/NjQy,https://booking.hydreight.com/b/NjQy,2025-06-28T22:55:27.179385
NjQz,643,Dripbar Direct - North Carolina,Enterprise,True,False,False,Dripbar Direct - North Carolina,,ACTIVE,ERROR_PAGE,Dripbar Direct - North Carolina,undefined,https://vsdigital-bookingwidget-prod.azurewebsites.net/b/NjQz,https://booking.hydreight.com/b/NjQz,2025-06-28T22:55:39.567915
NjQ0,644,Dripbar Direct - Fort Lee,Enterprise,True,False,False,Dripbar Direct - Fort Lee,,ACTIVE,ERROR_PAGE,Dripbar Direct - Fort Lee,undefined,https://vsdigital-bookingwidget-prod.azurewebsites.net/b/NjQ0,https://booking.hydreight.com/b/NjQ0,2025-06-28T22:55:53.797188
NjQ1,645,Dripbar Direct - Huntington Beach,Enterprise,True,False,False,Dripbar Direct - Huntington Beach,,ACTIVE,ERROR_PAGE,Dripbar Direct - Huntington Beach,undefined,https://vsdigital-bookingwidget-prod.azurewebsites.net/b/NjQ1,https://booking.hydreight.com/b/NjQ1,2025-06-28T22:56:06.240210
NjQ2,646,Dripbar Direct - Jacksonville Tamaya Market,Enterprise,True,False,False,Dripbar Direct - Jacksonville Tamaya Market,,ACTIVE,ERROR_PAGE,Dripbar Direct - Jacksonville Tamaya Market,undefined,https://vsdigital-bookingwidget-prod.azurewebsites.net/b/NjQ2,https://booking.hydreight.com/b/NjQ2,2025-06-28T22:56:18.514364
NjQ3,647,Dripbar Direct - South Miami,Enterprise,True,False,False,Dripbar Direct - South Miami,,ACTIVE,ERROR_PAGE,Dripbar Direct - South Miami,undefined,https://vsdigital-bookingwidget-prod.azurewebsites.net/b/NjQ3,https://booking.hydreight.com/b/NjQ3,2025-06-28T22:56:29.727204
NjQ4,648,VSDH Master,Enterprise,True,True,True,VSDH Master,IV NURSE MINDY,ACTIVE,ACTIVE,VSDH Master,IV NURSE MINDY,https://vsdigital-bookingwidget-prod.azurewebsites.net/b/NjQ4,https://booking.hydreight.com/b/NjQ4,2025-06-28T22:56:42.025630
NjUw,650,i R universe iNc (2),Hydreight,False,True,False,,i R universe iNc (2),ERROR_PAGE,ACTIVE,undefined,i R universe iNc (2),https://vsdigital-bookingwidget-prod.azurewebsites.net/b/NjUw,https://booking.hydreight.com/b/NjUw,2025-06-28T22:57:07.431487
NjUz,653,Live Well and Hustle Co,Hydreight,False,True,False,,Live Well and Hustle Co,ERROR_PAGE,ACTIVE,undefined,Live Well and Hustle Co,https://vsdigital-bookingwidget-prod.azurewebsites.net/b/NjUz,https://booking.hydreight.com/b/NjUz,2025-06-28T22:57:50.389959
NjU1,655,Flora Hydration & Wellness,Hydreight,False,True,False,,Flora Hydration & Wellness,ERROR_PAGE,ACTIVE,undefined,Flora Hydration & Wellness,https://vsdigital-bookingwidget-prod.azurewebsites.net/b/NjU1,https://booking.hydreight.com/b/NjU1,2025-06-28T22:58:15.281579
NjU4,658,Mike Burket,Hydreight,False,True,False,,Mike Burket,ERROR_PAGE,ACTIVE,undefined,Mike Burket,https://vsdigital-bookingwidget-prod.azurewebsites.net/b/NjU4,https://booking.hydreight.com/b/NjU4,2025-06-28T22:58:55.019100
NjYx,661,Revive IV & Wellness,Hydreight,False,True,False,,Revive IV & Wellness,ERROR_PAGE,ACTIVE,undefined,Revive IV & Wellness,https://vsdigital-bookingwidget-prod.azurewebsites.net/b/NjYx,https://booking.hydreight.com/b/NjYx,2025-06-28T22:59:32.562061
NjYy,662,IV Therapy Liquid Lounge,Hydreight,False,True,False,,IV Therapy Liquid Lounge,ERROR_PAGE,ACTIVE,undefined,IV Therapy Liquid Lounge,https://vsdigital-bookingwidget-prod.azurewebsites.net/b/NjYy,https://booking.hydreight.com/b/NjYy,2025-06-28T22:59:45.047125
Njc0,674,Thrive Aesthetics LLC,Hydreight,False,True,False,,Thrive Aesthetics LLC,ERROR_PAGE,ACTIVE,undefined,Thrive Aesthetics LLC,https://vsdigital-bookingwidget-prod.azurewebsites.net/b/Njc0,https://booking.hydreight.com/b/Njc0,2025-06-28T23:02:19.250253
Njc1,675,"Life Force Hydration, LLC",Hydreight,False,True,False,,"Life Force Hydration, LLC",ERROR_PAGE,ACTIVE,undefined,"Life Force Hydration, LLC",https://vsdigital-bookingwidget-prod.azurewebsites.net/b/Njc1,https://booking.hydreight.com/b/Njc1,2025-06-28T23:02:36.234706
Njc4,678,Gisele Rocha,Hydreight,False,True,False,,Gisele Rocha,ERROR_PAGE,ACTIVE,undefined,Gisele Rocha,https://vsdigital-bookingwidget-prod.azurewebsites.net/b/Njc4,https://booking.hydreight.com/b/Njc4,2025-06-28T23:03:16.346318
Njg0,684,Brad Srutowski,Hydreight,False,True,False,,Brad Srutowski,ERROR_PAGE,ACTIVE,undefined,Brad Srutowski,https://vsdigital-bookingwidget-prod.azurewebsites.net/b/Njg0,https://booking.hydreight.com/b/Njg0,2025-06-28T23:04:31.938636
Njkw,690,Jersey IV,Hydreight,False,True,False,,Jersey IV,ERROR_PAGE,ACTIVE,undefined,Jersey IV,https://vsdigital-bookingwidget-prod.azurewebsites.net/b/Njkw,https://booking.hydreight.com/b/Njkw,2025-06-28T23:05:45.527172
Njk2,696,Day Wellness,Hydreight,False,True,False,,Day Wellness,ERROR_PAGE,ACTIVE,undefined,Day Wellness,https://vsdigital-bookingwidget-prod.azurewebsites.net/b/Njk2,https://booking.hydreight.com/b/Njk2,2025-06-28T23:07:05.310266
Njk4,698,Dripbar Direct - Boca Raton,Enterprise,True,False,False,Dripbar Direct - Boca Raton,,ACTIVE,ERROR_PAGE,Dripbar Direct - Boca Raton,undefined,https://vsdigital-bookingwidget-prod.azurewebsites.net/b/Njk4,https://booking.hydreight.com/b/Njk4,2025-06-28T23:07:31.565616
Njk5,699,2Decbsn,Enterprise,True,False,False,2Decbsn,,ACTIVE,ERROR_PAGE,2Decbsn,undefined,https://vsdigital-bookingwidget-prod.azurewebsites.net/b/Njk5,https://booking.hydreight.com/b/Njk5,2025-06-28T23:07:44.373928
NzAw,700,Test Akshay Parent Business,Enterprise,True,False,False,Test Akshay Parent Business,,ACTIVE,ERROR_PAGE,Test Akshay Parent Business,undefined,https://vsdigital-bookingwidget-prod.azurewebsites.net/b/NzAw,https://booking.hydreight.com/b/NzAw,2025-06-28T23:07:57.916298
NzAx,701,Parentbsn,Enterprise,True,False,False,Parentbsn,,ACTIVE,ERROR_PAGE,Parentbsn,undefined,https://vsdigital-bookingwidget-prod.azurewebsites.net/b/NzAx,https://booking.hydreight.com/b/NzAx,2025-06-28T23:08:10.631461
NzAy,702,Shubham_PB,Enterprise,True,False,False,Shubham_PB,,ACTIVE,ERROR_PAGE,Shubham_PB,,https://vsdigital-bookingwidget-prod.azurewebsites.net/b/NzAy,https://booking.hydreight.com/b/NzAy,2025-06-28T23:08:24.509872
NzAz,703,Wellness PharmD Consulting,Enterprise,True,True,True,Wellness PharmD Consulting,Regenerate Beauty Lab,ACTIVE,ACTIVE,Wellness PharmD Consulting,Regenerate Beauty Lab,https://vsdigital-bookingwidget-prod.azurewebsites.net/b/NzAz,https://booking.hydreight.com/b/NzAz,2025-06-28T23:08:36.282895
NzA0,704,The Covery - GA,Enterprise,True,False,False,The Covery - GA,,ACTIVE,ERROR_PAGE,The Covery - GA,undefined,https://vsdigital-bookingwidget-prod.azurewebsites.net/b/NzA0,https://booking.hydreight.com/b/NzA0,2025-06-28T23:08:48.889570
NzA1,705,The DRIPBAR Direct - Cranford,Enterprise,True,False,False,The DRIPBAR Direct - Cranford,,ACTIVE,ERROR_PAGE,The DRIPBAR Direct - Cranford,undefined,https://vsdigital-bookingwidget-prod.azurewebsites.net/b/NzA1,https://booking.hydreight.com/b/NzA1,2025-06-28T23:09:04.463810
NzA2,706,The DRIPBaR Direct - Mt. Pleasant,Enterprise,True,False,False,The DRIPBaR Direct - Mt. Pleasant,,ACTIVE,ERROR_PAGE,The DRIPBaR Direct - Mt. Pleasant,undefined,https://vsdigital-bookingwidget-prod.azurewebsites.net/b/NzA2,https://booking.hydreight.com/b/NzA2,2025-06-28T23:09:21.495606
NzA3,707,The DRIPBaR Direct - Austin the Domain,Enterprise,True,False,False,The DRIPBaR Direct - Austin the Domain,,ACTIVE,ERROR_PAGE,The DRIPBaR Direct - Austin the Domain,undefined,https://vsdigital-bookingwidget-prod.azurewebsites.net/b/NzA3,https://booking.hydreight.com/b/NzA3,2025-06-28T23:09:35.617366
NzA4,708,The DRIPBaR Direct - Troy,Enterprise,True,False,False,The DRIPBaR Direct - Troy,,ACTIVE,ERROR_PAGE,The DRIPBaR Direct - Troy,undefined,https://vsdigital-bookingwidget-prod.azurewebsites.net/b/NzA4,https://booking.hydreight.com/b/NzA4,2025-06-28T23:09:48.079224
NzA5,709,The DRIPBaR Direct - Tampa/Clearwater,Enterprise,True,False,False,The DRIPBaR Direct - Tampa/Clearwater,,ACTIVE,ERROR_PAGE,The DRIPBaR Direct - Tampa/Clearwater,undefined,https://vsdigital-bookingwidget-prod.azurewebsites.net/b/NzA5,https://booking.hydreight.com/b/NzA5,2025-06-28T23:10:00.976851
NzEw,710,RenIVate,Enterprise,True,False,False,RenIVate,,ACTIVE,ERROR_PAGE,RenIVate,undefined,https://vsdigital-bookingwidget-prod.azurewebsites.net/b/NzEw,https://booking.hydreight.com/b/NzEw,2025-06-28T23:10:14.305892
NzEx,711,The DRIPBaR Direct - Nashville,Enterprise,True,False,False,The DRIPBaR Direct - Nashville,,ACTIVE,ERROR_PAGE,The DRIPBaR Direct - Nashville,undefined,https://vsdigital-bookingwidget-prod.azurewebsites.net/b/NzEx,https://booking.hydreight.com/b/NzEx,2025-06-28T23:10:28.581927
NzEy,712,Valor Wellness,Enterprise,True,False,False,Valor Wellness,,ACTIVE,ERROR_PAGE,Valor Wellness,undefined,https://vsdigital-bookingwidget-prod.azurewebsites.net/b/NzEy,https://booking.hydreight.com/b/NzEy,2025-06-28T23:10:41.343520
NzEz,713,Von Health,Enterprise,True,False,False,Von Health,,ACTIVE,ERROR_PAGE,Von Health,undefined,https://vsdigital-bookingwidget-prod.azurewebsites.net/b/NzEz,https://booking.hydreight.com/b/NzEz,2025-06-28T23:10:52.549232
NzE0,714,Dr Frank's,Enterprise,True,True,True,Dr Frank's,Balance Hydration IV Therapy and Wellness,ACTIVE,ACTIVE,Dr Frank's,Balance Hydration IV Therapy and Wellness,https://vsdigital-bookingwidget-prod.azurewebsites.net/b/NzE0,https://booking.hydreight.com/b/NzE0,2025-06-28T23:11:06.424984
NzE1,715,Newparbsn,Enterprise,True,False,False,Newparbsn,,ACTIVE,ERROR_PAGE,Newparbsn,undefined,https://vsdigital-bookingwidget-prod.azurewebsites.net/b/NzE1,https://booking.hydreight.com/b/NzE1,2025-06-28T23:11:19.339391
NzE2,716,Altura Health,Enterprise,True,True,True,Altura Health,Double Horizons,ACTIVE,ACTIVE,Altura Health,Double Horizons,https://vsdigital-bookingwidget-prod.azurewebsites.net/b/NzE2,https://booking.hydreight.com/b/NzE2,2025-06-28T23:11:30.528340
NzE3,717,B-More Beautiful,Enterprise,True,False,False,B-More Beautiful,,ACTIVE,ERROR_PAGE,B-More Beautiful,undefined,https://vsdigital-bookingwidget-prod.azurewebsites.net/b/NzE3,https://booking.hydreight.com/b/NzE3,2025-06-28T23:11:43.590358
NzE4,718,The DRIPBaR Direct - Johnstown,Enterprise,True,False,False,The DRIPBaR Direct - Johnstown,,ACTIVE,ERROR_PAGE,The DRIPBaR Direct - Johnstown,undefined,https://vsdigital-bookingwidget-prod.azurewebsites.net/b/NzE4,https://booking.hydreight.com/b/NzE4,2025-06-28T23:11:56.944114
NzE5,719,Earth Angel Wellness,Enterprise,True,False,False,Earth Angel Wellness,,ACTIVE,ERROR_PAGE,Earth Angel Wellness,undefined,https://vsdigital-bookingwidget-prod.azurewebsites.net/b/NzE5,https://booking.hydreight.com/b/NzE5,2025-06-28T23:12:09.431181
NzIw,720,The Hydro Drip Bar,Enterprise,True,True,True,The Hydro Drip Bar,Infinite Health & Wellness,ACTIVE,ACTIVE,The Hydro Drip Bar,Infinite Health & Wellness,https://vsdigital-bookingwidget-prod.azurewebsites.net/b/NzIw,https://booking.hydreight.com/b/NzIw,2025-06-28T23:12:20.793420
NzIx,721,Drip Suites,Enterprise,True,True,True,Drip Suites,IV FUSION PLUS LLC,ACTIVE,ACTIVE,Drip Suites,IV FUSION PLUS LLC,https://vsdigital-bookingwidget-prod.azurewebsites.net/b/NzIx,https://booking.hydreight.com/b/NzIx,2025-06-28T23:12:33.072675
NzIy,722,The DRIPBaR Direct - Boston,Enterprise,True,False,False,The DRIPBaR Direct - Boston,,ACTIVE,ERROR_PAGE,The DRIPBaR Direct - Boston,undefined,https://vsdigital-bookingwidget-prod.azurewebsites.net/b/NzIy,https://booking.hydreight.com/b/NzIy,2025-06-28T23:12:46.590765
NzIz,723,Breakthrough Telehealth,Enterprise,True,False,False,Breakthrough Telehealth,,ACTIVE,ERROR_PAGE,Breakthrough Telehealth,undefined,https://vsdigital-bookingwidget-prod.azurewebsites.net/b/NzIz,https://booking.hydreight.com/b/NzIz,2025-06-28T23:13:01.254287
NzI0,724,Revitalize Trim Spa & Wellness Center (MI),Enterprise,True,False,False,Revitalize Trim Spa & Wellness Center (MI),,ACTIVE,ERROR_PAGE,Revitalize Trim Spa & Wellness Center (MI),undefined,https://vsdigital-bookingwidget-prod.azurewebsites.net/b/NzI0,https://booking.hydreight.com/b/NzI0,2025-06-28T23:13:19.763279
NzI1,725,The DRIPBaR Direct - Gilbert,Enterprise,True,False,False,The DRIPBaR Direct - Gilbert,,ACTIVE,ERROR_PAGE,The DRIPBaR Direct - Gilbert,undefined,https://vsdigital-bookingwidget-prod.azurewebsites.net/b/NzI1,https://booking.hydreight.com/b/NzI1,2025-06-28T23:13:32.362576
NzI2,726,The DRIPBaR Direct - Carrollwood,Enterprise,True,False,False,The DRIPBaR Direct - Carrollwood,,ACTIVE,ERROR_PAGE,The DRIPBaR Direct - Carrollwood,undefined,https://vsdigital-bookingwidget-prod.azurewebsites.net/b/NzI2,https://booking.hydreight.com/b/NzI2,2025-06-28T23:13:45.326087
NzQz,743,Be Your Best You Health & Wellness,Hydreight,False,True,False,,Be Your Best You Health & Wellness,ERROR_PAGE,ACTIVE,undefined,Be Your Best You Health & Wellness,https://vsdigital-bookingwidget-prod.azurewebsites.net/b/NzQz,https://booking.hydreight.com/b/NzQz,2025-06-28T23:17:30.517047
NzQ0,744,Ebony Wiggins,Hydreight,False,True,False,,Ebony Wiggins,ERROR_PAGE,ACTIVE,undefined,Ebony Wiggins,https://vsdigital-bookingwidget-prod.azurewebsites.net/b/NzQ0,https://booking.hydreight.com/b/NzQ0,2025-06-28T23:17:45.808347
NzUw,750,Uplift Infusion,Hydreight,False,True,False,,Uplift Infusion,ERROR_PAGE,ACTIVE,undefined,Uplift Infusion,https://vsdigital-bookingwidget-prod.azurewebsites.net/b/NzUw,https://booking.hydreight.com/b/NzUw,2025-06-28T23:19:06.467171
NzUy,752,Sigma medical spa & Moble IV infusion,Hydreight,False,True,False,,Sigma medical spa & Moble IV infusion,ERROR_PAGE,ACTIVE,undefined,Sigma medical spa & Moble IV infusion,https://vsdigital-bookingwidget-prod.azurewebsites.net/b/NzUy,https://booking.hydreight.com/b/NzUy,2025-06-28T23:19:33.565058
NzY5,769,ReYOU MedSpa and Aesthetics,Hydreight,False,True,False,,ReYOU MedSpa and Aesthetics,ERROR_PAGE,ACTIVE,undefined,ReYOU MedSpa and Aesthetics,https://vsdigital-bookingwidget-prod.azurewebsites.net/b/NzY5,https://booking.hydreight.com/b/NzY5,2025-06-28T23:23:13.353457
Nzcz,773,New Image Bodycare,Hydreight,False,True,False,,New Image Bodycare,ERROR_PAGE,ACTIVE,undefined,New Image Bodycare,https://vsdigital-bookingwidget-prod.azurewebsites.net/b/Nzcz,https://booking.hydreight.com/b/Nzcz,2025-06-28T23:24:04.698023
Nzc1,775,Access Hydrate,Hydreight,False,True,False,,Access Hydrate,ERROR_PAGE,ACTIVE,undefined,Access Hydrate,https://vsdigital-bookingwidget-prod.azurewebsites.net/b/Nzc1,https://booking.hydreight.com/b/Nzc1,2025-06-28T23:24:32.028782
Nzgw,780,Cafe Infusion,Hydreight,False,True,False,,Cafe Infusion,ERROR_PAGE,ACTIVE,undefined,Cafe Infusion,https://vsdigital-bookingwidget-prod.azurewebsites.net/b/Nzgw,https://booking.hydreight.com/b/Nzgw,2025-06-28T23:25:47.959998
Nzgx,781,REVIVE-U WELLNESS LLC,Hydreight,False,True,False,,REVIVE-U WELLNESS LLC,ERROR_PAGE,ACTIVE,undefined,REVIVE-U WELLNESS LLC,https://vsdigital-bookingwidget-prod.azurewebsites.net/b/Nzgx,https://booking.hydreight.com/b/Nzgx,2025-06-28T23:25:59.823349
Nzkx,791,East Coast Wellness,Hydreight,False,True,False,,East Coast Wellness,ERROR_PAGE,ACTIVE,undefined,East Coast Wellness,https://vsdigital-bookingwidget-prod.azurewebsites.net/b/Nzkx,https://booking.hydreight.com/b/Nzkx,2025-06-28T23:28:23.265829
Nzky,792,RevIVe Hydration,Hydreight,False,True,False,,RevIVe Hydration,ERROR_PAGE,ACTIVE,undefined,RevIVe Hydration,https://vsdigital-bookingwidget-prod.azurewebsites.net/b/Nzky,https://booking.hydreight.com/b/Nzky,2025-06-28T23:28:36.446211
ODA2,806,Vita Nova Health and Wellness,Hydreight,False,True,False,,Vita Nova Health and Wellness,ERROR_PAGE,ACTIVE,undefined,Vita Nova Health and Wellness,https://vsdigital-bookingwidget-prod.azurewebsites.net/b/ODA2,https://booking.hydreight.com/b/ODA2,2025-06-28T23:31:49.494804
ODA5,809,Elite IV Therapy,Hydreight,False,True,False,,Elite IV Therapy,ERROR_PAGE,ACTIVE,undefined,Elite IV Therapy,https://vsdigital-bookingwidget-prod.azurewebsites.net/b/ODA5,https://booking.hydreight.com/b/ODA5,2025-06-28T23:32:31.259573
ODEz,813,Health & Hydration with Hannah & Nichole,Hydreight,False,True,False,,Health & Hydration with Hannah & Nichole,ERROR_PAGE,ACTIVE,undefined,Health & Hydration with Hannah & Nichole,https://vsdigital-bookingwidget-prod.azurewebsites.net/b/ODEz,https://booking.hydreight.com/b/ODEz,2025-06-28T23:33:26.643917
ODE0,814,Laura Treer,Hydreight,False,True,False,,Laura Treer,ERROR_PAGE,ACTIVE,undefined,Laura Treer,https://vsdigital-bookingwidget-prod.azurewebsites.net/b/ODE0,https://booking.hydreight.com/b/ODE0,2025-06-28T23:33:41.170649
ODE3,817,Stephanie Covill,Hydreight,False,True,False,,Stephanie Covill,ERROR_PAGE,ACTIVE,undefined,Stephanie Covill,https://vsdigital-bookingwidget-prod.azurewebsites.net/b/ODE3,https://booking.hydreight.com/b/ODE3,2025-06-28T23:34:28.016493
ODI4,828,IV LEAGUE CONCIERGE,Hydreight,False,True,False,,IV LEAGUE CONCIERGE,ERROR_PAGE,ACTIVE,undefined,IV LEAGUE CONCIERGE,https://vsdigital-bookingwidget-prod.azurewebsites.net/b/ODI4,https://booking.hydreight.com/b/ODI4,2025-06-28T23:36:59.454759
ODM2,836,406 Infusion Therapies,Hydreight,False,True,False,,406 Infusion Therapies,ERROR_PAGE,ACTIVE,undefined,406 Infusion Therapies,https://vsdigital-bookingwidget-prod.azurewebsites.net/b/ODM2,https://booking.hydreight.com/b/ODM2,2025-06-28T23:39:01.087486
ODU1,855,Kasa Express Nursing,Hydreight,False,True,False,,Kasa Express Nursing,ERROR_PAGE,ACTIVE,undefined,Kasa Express Nursing,https://vsdigital-bookingwidget-prod.azurewebsites.net/b/ODU1,https://booking.hydreight.com/b/ODU1,2025-06-28T23:43:35.331760
ODU2,856,Alternative Therapy MD,Hydreight,False,True,False,,Alternative Therapy MD,ERROR_PAGE,ACTIVE,undefined,Alternative Therapy MD,https://vsdigital-bookingwidget-prod.azurewebsites.net/b/ODU2,https://booking.hydreight.com/b/ODU2,2025-06-28T23:43:48.681400
ODU5,859,Eden Hydration,Hydreight,False,True,False,,Eden Hydration,ERROR_PAGE,ACTIVE,undefined,Eden Hydration,https://vsdigital-bookingwidget-prod.azurewebsites.net/b/ODU5,https://booking.hydreight.com/b/ODU5,2025-06-28T23:44:37.607961
ODY2,866,Drip & Heal,Hydreight,False,True,False,,Drip & Heal,ERROR_PAGE,ACTIVE,undefined,Drip & Heal,https://vsdigital-bookingwidget-prod.azurewebsites.net/b/ODY2,https://booking.hydreight.com/b/ODY2,2025-06-28T23:46:22.133302
ODY3,867,Driftless Hydration,Hydreight,False,True,False,,Driftless Hydration,ERROR_PAGE,ACTIVE,undefined,Driftless Hydration,https://vsdigital-bookingwidget-prod.azurewebsites.net/b/ODY3,https://booking.hydreight.com/b/ODY3,2025-06-28T23:46:39.850381
ODcx,871,Hybrid Hydration,Hydreight,False,True,False,,Hybrid Hydration,ERROR_PAGE,ACTIVE,undefined,Hybrid Hydration,https://vsdigital-bookingwidget-prod.azurewebsites.net/b/ODcx,https://booking.hydreight.com/b/ODcx,2025-06-28T23:47:35.721812
ODg1,885,Sharoen Rose,Hydreight,False,True,False,,Sharoen Rose,ERROR_PAGE,ACTIVE,undefined,Sharoen Rose,https://vsdigital-bookingwidget-prod.azurewebsites.net/b/ODg1,https://booking.hydreight.com/b/ODg1,2025-06-28T23:50:50.790971
ODg2,886,Pure Drip,Hydreight,False,True,False,,Pure Drip,ERROR_PAGE,ACTIVE,undefined,Pure Drip,https://vsdigital-bookingwidget-prod.azurewebsites.net/b/ODg2,https://booking.hydreight.com/b/ODg2,2025-06-28T23:51:04.241718
ODg5,889,HydraLyfe Hydration & Wellness,Hydreight,False,True,False,,HydraLyfe Hydration & Wellness,ERROR_PAGE,ACTIVE,undefined,HydraLyfe Hydration & Wellness,https://vsdigital-bookingwidget-prod.azurewebsites.net/b/ODg5,https://booking.hydreight.com/b/ODg5,2025-06-28T23:51:45.252467
OTA3,907,Latonya Haselrig,Hydreight,False,True,False,,Latonya Haselrig,ERROR_PAGE,ACTIVE,undefined,Latonya Haselrig,https://vsdigital-bookingwidget-prod.azurewebsites.net/b/OTA3,https://booking.hydreight.com/b/OTA3,2025-06-28T23:55:56.122351
OTEy,912,The Hydreight - Master,Hydreight,False,True,False,,The Hydreight - Master,ERROR_PAGE,ACTIVE,undefined,The Hydreight - Master,https://vsdigital-bookingwidget-prod.azurewebsites.net/b/OTEy,https://booking.hydreight.com/b/OTEy,2025-06-28T23:57:08.678246
OTE5,919,Beauty and Quench Lounge,Hydreight,False,True,False,,Beauty and Quench Lounge,ERROR_PAGE,ACTIVE,undefined,Beauty and Quench Lounge,https://vsdigital-bookingwidget-prod.azurewebsites.net/b/OTE5,https://booking.hydreight.com/b/OTE5,2025-06-28T23:58:54.619654
OTIx,921,Sokhon Pok,Hydreight,False,True,False,,Sokhon Pok,ERROR_PAGE,ACTIVE,undefined,Sokhon Pok,https://vsdigital-bookingwidget-prod.azurewebsites.net/b/OTIx,https://booking.hydreight.com/b/OTIx,2025-06-28T23:59:24.925176
OTI1,925,Laquita Nicole Watts,Hydreight,False,True,False,,Laquita Nicole Watts,ERROR_PAGE,ACTIVE,undefined,Laquita Nicole Watts,https://vsdigital-bookingwidget-prod.azurewebsites.net/b/OTI1,https://booking.hydreight.com/b/OTI1,2025-06-29T00:00:20.949803
OTI5,929,alteRNaDRIPS,Hydreight,False,True,False,,alteRNaDRIPS,ERROR_PAGE,ACTIVE,undefined,alteRNaDRIPS,https://vsdigital-bookingwidget-prod.azurewebsites.net/b/OTI5,https://booking.hydreight.com/b/OTI5,2025-06-29T00:01:20.444636
OTMw,930,Kierra Flores,Hydreight,False,True,False,,Kierra Flores,ERROR_PAGE,ACTIVE,undefined,Kierra Flores,https://vsdigital-bookingwidget-prod.azurewebsites.net/b/OTMw,https://booking.hydreight.com/b/OTMw,2025-06-29T00:01:34.994146
OTM1,935,Yexenia Jaramillo,Hydreight,False,True,False,,Yexenia Jaramillo,ERROR_PAGE,ACTIVE,undefined,Yexenia Jaramillo,https://vsdigital-bookingwidget-prod.azurewebsites.net/b/OTM1,https://booking.hydreight.com/b/OTM1,2025-06-29T00:02:48.639881
OTQw,940,Great Hydration & Wellness,Hydreight,False,True,False,,Great Hydration & Wellness,ERROR_PAGE,ACTIVE,undefined,Great Hydration & Wellness,https://vsdigital-bookingwidget-prod.azurewebsites.net/b/OTQw,https://booking.hydreight.com/b/OTQw,2025-06-29T00:04:10.633407
OTQx,941,Kaylee Streeter,Hydreight,False,True,False,,Kaylee Streeter,ERROR_PAGE,ACTIVE,undefined,Kaylee Streeter,https://vsdigital-bookingwidget-prod.azurewebsites.net/b/OTQx,https://booking.hydreight.com/b/OTQx,2025-06-29T00:04:27.534222
MjE5,219,Royalty Inspired,Hydreight,False,True,False,,Royalty Inspired,ERROR_PAGE,ACTIVE,undefined,Royalty Inspired,https://vsdigital-bookingwidget-prod.azurewebsites.net/b/MjE5,https://booking.hydreight.com/b/MjE5,2025-06-28T20:23:09.025628
MjIx,221,Luis Figueiredo,Hydreight,False,True,False,,Luis Figueiredo,ERROR_PAGE,ACTIVE,undefined,Luis Figueiredo,https://vsdigital-bookingwidget-prod.azurewebsites.net/b/MjIx,https://booking.hydreight.com/b/MjIx,2025-06-28T20:23:34.888925
MjI1,225,AcquaVita Health,Hydreight,False,True,False,,AcquaVita Health,ERROR_PAGE,ACTIVE,undefined,AcquaVita Health,https://vsdigital-bookingwidget-prod.azurewebsites.net/b/MjI1,https://booking.hydreight.com/b/MjI1,2025-06-28T20:24:26.975556
MjM4,238,Hydrate & More,Hydreight,False,True,False,,Hydrate & More,ERROR_PAGE,ACTIVE,undefined,Hydrate & More,https://vsdigital-bookingwidget-prod.azurewebsites.net/b/MjM4,https://booking.hydreight.com/b/MjM4,2025-06-28T20:27:17.514182
MjM5,239,Boise Mountain IV Hydration,Hydreight,False,True,False,,Boise Mountain IV Hydration,ERROR_PAGE,ACTIVE,undefined,Boise Mountain IV Hydration,https://vsdigital-bookingwidget-prod.azurewebsites.net/b/MjM5,https://booking.hydreight.com/b/MjM5,2025-06-28T20:27:30.211213
MjQz,243,Someday Wellness,Hydreight,False,True,False,,Someday Wellness,ERROR_PAGE,ACTIVE,undefined,Someday Wellness,https://vsdigital-bookingwidget-prod.azurewebsites.net/b/MjQz,https://booking.hydreight.com/b/MjQz,2025-06-28T20:28:21.132842
MjQ1,245,The IV Hydration Bar,Hydreight,False,True,False,,The IV Hydration Bar,ERROR_PAGE,ACTIVE,undefined,The IV Hydration Bar,https://vsdigital-bookingwidget-prod.azurewebsites.net/b/MjQ1,https://booking.hydreight.com/b/MjQ1,2025-06-28T20:28:47.945153
MjQ2,246,A San Angelo Mobile IV Hydration,Hydreight,False,True,False,,A San Angelo Mobile IV Hydration,ERROR_PAGE,ACTIVE,undefined,A San Angelo Mobile IV Hydration,https://vsdigital-bookingwidget-prod.azurewebsites.net/b/MjQ2,https://booking.hydreight.com/b/MjQ2,2025-06-28T20:29:03.111045
MjQ3,247,Hydreight Medical,Hydreight,False,True,False,,Hydreight Medical,ERROR_PAGE,ACTIVE,undefined,Hydreight Medical,https://vsdigital-bookingwidget-prod.azurewebsites.net/b/MjQ3,https://booking.hydreight.com/b/MjQ3,2025-06-28T20:29:16.231685
MjUw,250,Body Contour Aesthetics & Wellness,Hydreight,False,True,False,,Body Contour Aesthetics & Wellness,ERROR_PAGE,ACTIVE,undefined,Body Contour Aesthetics & Wellness,https://vsdigital-bookingwidget-prod.azurewebsites.net/b/MjUw,https://booking.hydreight.com/b/MjUw,2025-06-28T20:29:54.029126
MjU2,256,Stacey Wageley,Hydreight,False,True,False,,Stacey Wageley,ERROR_PAGE,ACTIVE,undefined,Stacey Wageley,https://vsdigital-bookingwidget-prod.azurewebsites.net/b/MjU2,https://booking.hydreight.com/b/MjU2,2025-06-28T20:31:16.616065
MjYy,262,IV Hydrate Concierge,Hydreight,False,True,False,,IV Hydrate Concierge,ERROR_PAGE,ACTIVE,undefined,IV Hydrate Concierge,https://vsdigital-bookingwidget-prod.azurewebsites.net/b/MjYy,https://booking.hydreight.com/b/MjYy,2025-06-28T20:32:31.596570
Mjc1,275,Hydration Station & Therapies,Hydreight,False,True,False,,Hydration Station & Therapies,ERROR_PAGE,ACTIVE,undefined,Hydration Station & Therapies,https://vsdigital-bookingwidget-prod.azurewebsites.net/b/Mjc1,https://booking.hydreight.com/b/Mjc1,2025-06-28T20:35:26.261978
Mjc2,276,Vivify Wellness,Hydreight,False,True,False,,Vivify Wellness,ERROR_PAGE,ACTIVE,undefined,Vivify Wellness,https://vsdigital-bookingwidget-prod.azurewebsites.net/b/Mjc2,https://booking.hydreight.com/b/Mjc2,2025-06-28T20:35:39.126040
Mjgw,280,Invigorate Plus . F Leah Mayelian,Hydreight,False,True,False,,Invigorate Plus . F Leah Mayelian,ERROR_PAGE,ACTIVE,undefined,Invigorate Plus . F Leah Mayelian,https://vsdigital-bookingwidget-prod.azurewebsites.net/b/Mjgw,https://booking.hydreight.com/b/Mjgw,2025-06-28T20:36:31.098225
Mjg1,285,Beautiful You esthetics by Deanna,Hydreight,False,True,False,,Beautiful You esthetics by Deanna,ERROR_PAGE,ACTIVE,undefined,Beautiful You esthetics by Deanna,https://vsdigital-bookingwidget-prod.azurewebsites.net/b/Mjg1,https://booking.hydreight.com/b/Mjg1,2025-06-28T20:37:35.736218
MTI5,129,Hydrate SBC,Hydreight,False,True,False,,Hydrate SBC,ERROR_PAGE,ACTIVE,undefined,Hydrate SBC,https://vsdigital-bookingwidget-prod.azurewebsites.net/b/MTI5,https://booking.hydreight.com/b/MTI5,2025-06-28T11:15:58.623533
MTMw,130,Sierra IV Hydration,Hydreight,False,True,False,,Sierra IV Hydration,ERROR_PAGE,ACTIVE,undefined,Sierra IV Hydration,https://vsdigital-bookingwidget-prod.azurewebsites.net/b/MTMw,https://booking.hydreight.com/b/MTMw,2025-06-28T11:16:12.026547
MTMy,132,ABOOST WELLNESS,Hydreight,False,True,False,,ABOOST WELLNESS,ERROR_PAGE,ACTIVE,undefined,ABOOST WELLNESS,https://vsdigital-bookingwidget-prod.azurewebsites.net/b/MTMy,https://booking.hydreight.com/b/MTMy,2025-06-28T11:16:39.466291
MTM3,137,Hydrate Scottsdale,Hydreight,False,True,False,,Hydrate Scottsdale,ERROR_PAGE,ACTIVE,undefined,Hydrate Scottsdale,https://vsdigital-bookingwidget-prod.azurewebsites.net/b/MTM3,https://booking.hydreight.com/b/MTM3,2025-06-28T11:17:48.310672
MTQx,141,CRCS Mobile Health,Hydreight,False,True,False,,CRCS Mobile Health,ERROR_PAGE,ACTIVE,undefined,CRCS Mobile Health,https://vsdigital-bookingwidget-prod.azurewebsites.net/b/MTQx,https://booking.hydreight.com/b/MTQx,2025-06-28T11:18:42.332105
MTQ5,149,WEL Palm Beach,Hydreight,False,True,False,,WEL Palm Beach,ERROR_PAGE,ACTIVE,undefined,WEL Palm Beach,https://vsdigital-bookingwidget-prod.azurewebsites.net/b/MTQ5,https://booking.hydreight.com/b/MTQ5,2025-06-28T11:20:31.649804
MTU1,155,Ziphomecare,Hydreight,False,True,False,,Ziphomecare,ERROR_PAGE,ACTIVE,undefined,Ziphomecare,https://vsdigital-bookingwidget-prod.azurewebsites.net/b/MTU1,https://booking.hydreight.com/b/MTU1,2025-06-28T11:21:51.131207
MTU5,159,RNFusions,Hydreight,False,True,False,,RNFusions,ERROR_PAGE,ACTIVE,undefined,RNFusions,https://vsdigital-bookingwidget-prod.azurewebsites.net/b/MTU5,https://booking.hydreight.com/b/MTU5,2025-06-28T11:22:45.186149
MTcw,170,D&C Medical,Hydreight,False,True,False,,D&C Medical,ERROR_PAGE,ACTIVE,undefined,D&C Medical,https://vsdigital-bookingwidget-prod.azurewebsites.net/b/MTcw,https://booking.hydreight.com/b/MTcw,2025-06-28T11:25:31.913443
MTgy,182,Blaha productions llc,Hydreight,False,True,False,,Blaha productions llc,ERROR_PAGE,ACTIVE,undefined,Blaha productions llc,https://vsdigital-bookingwidget-prod.azurewebsites.net/b/MTgy,https://booking.hydreight.com/b/MTgy,2025-06-28T11:28:35.419567
MTgz,183,Nuvo Body Mobile Spa,Hydreight,False,True,False,,Nuvo Body Mobile Spa,ERROR_PAGE,ACTIVE,undefined,Nuvo Body Mobile Spa,https://vsdigital-bookingwidget-prod.azurewebsites.net/b/MTgz,https://booking.hydreight.com/b/MTgz,2025-06-28T11:28:50.960011
MTg0,184,For Your Health Holistics & Preventative Care,Hydreight,False,True,False,,For Your Health Holistics & Preventative Care,ERROR_PAGE,ACTIVE,undefined,For Your Health Holistics & Preventative Care,https://vsdigital-bookingwidget-prod.azurewebsites.net/b/MTg0,https://booking.hydreight.com/b/MTg0,2025-06-28T11:29:03.841508
MTg4,188,Infusions & Body By J Inc,Hydreight,False,True,False,,Infusions & Body By J Inc,ERROR_PAGE,ACTIVE,undefined,Infusions & Body By J Inc,https://vsdigital-bookingwidget-prod.azurewebsites.net/b/MTg4,https://booking.hydreight.com/b/MTg4,2025-06-28T11:30:04.642473
MTk0,194,Lake Travis Aesthetics,Hydreight,False,True,False,,Lake Travis Aesthetics,ERROR_PAGE,ACTIVE,undefined,Lake Travis Aesthetics,https://vsdigital-bookingwidget-prod.azurewebsites.net/b/MTk0,https://booking.hydreight.com/b/MTk0,2025-06-28T11:31:36.118607
OTQ5,949,Simply Rejuvenate,Hydreight,False,True,False,,Simply Rejuvenate,ERROR_PAGE,ACTIVE,undefined,Simply Rejuvenate,https://vsdigital-bookingwidget-prod.azurewebsites.net/b/OTQ5,https://booking.hydreight.com/b/OTQ5,2025-06-29T00:06:28.672912
OTUz,953,Meliora Medical Concierge,Hydreight,False,True,False,,Meliora Medical Concierge,ERROR_PAGE,ACTIVE,undefined,Meliora Medical Concierge,https://vsdigital-bookingwidget-prod.azurewebsites.net/b/OTUz,https://booking.hydreight.com/b/OTUz,2025-06-29T00:07:28.712917
OTU5,959,DMdrips,Hydreight,False,True,False,,DMdrips,ERROR_PAGE,ACTIVE,undefined,DMdrips,https://vsdigital-bookingwidget-prod.azurewebsites.net/b/OTU5,https://booking.hydreight.com/b/OTU5,2025-06-29T00:09:00.287475
OTc0,974,Marietta Back,Hydreight,False,True,False,,Marietta Back,ERROR_PAGE,ACTIVE,undefined,Marietta Back,https://vsdigital-bookingwidget-prod.azurewebsites.net/b/OTc0,https://booking.hydreight.com/b/OTc0,2025-06-29T00:12:45.301556
OTc1,975,Laura Treer #2,Hydreight,False,True,False,,Laura Treer #2,ERROR_PAGE,ACTIVE,undefined,Laura Treer #2,https://vsdigital-bookingwidget-prod.azurewebsites.net/b/OTc1,https://booking.hydreight.com/b/OTc1,2025-06-29T00:13:01.251258
OTgy,982,Test Onboarding Team Business,Hydreight,False,True,False,,Test Onboarding Team Business,ERROR_PAGE,ACTIVE,undefined,Test Onboarding Team Business,https://vsdigital-bookingwidget-prod.azurewebsites.net/b/OTgy,https://booking.hydreight.com/b/OTgy,2025-06-29T00:14:58.367233
OTgz,983,One’s Element Wellness,Hydreight,False,True,False,,One’s Element Wellness,ERROR_PAGE,ACTIVE,undefined,One’s Element Wellness,https://vsdigital-bookingwidget-prod.azurewebsites.net/b/OTgz,https://booking.hydreight.com/b/OTgz,2025-06-29T00:15:12.516822
OTg0,984,Perry Wellness and Hydration,Hydreight,False,True,False,,Perry Wellness and Hydration,ERROR_PAGE,ACTIVE,undefined,Perry Wellness and Hydration,https://vsdigital-bookingwidget-prod.azurewebsites.net/b/OTg0,https://booking.hydreight.com/b/OTg0,2025-06-29T00:15:27.463222
OTkw,990,Eden Rose Health and Wellness,Hydreight,False,True,False,,Eden Rose Health and Wellness,ERROR_PAGE,ACTIVE,undefined,Eden Rose Health and Wellness,https://vsdigital-bookingwidget-prod.azurewebsites.net/b/OTkw,https://booking.hydreight.com/b/OTkw,2025-06-29T00:16:56.427066
MTAw,100,undefined,Enterprise,True,True,True,undefined,undefined,ACTIVE,ACTIVE,undefined,undefined,https://vsdigital-bookingwidget-prod.azurewebsites.net/b/MTAw,https://booking.hydreight.com/b/MTAw,2025-06-28T11:01:13.249488
MTAx,101,undefined,Enterprise,True,True,True,undefined,undefined,ACTIVE,ACTIVE,undefined,undefined,https://vsdigital-bookingwidget-prod.azurewebsites.net/b/MTAx,https://booking.hydreight.com/b/MTAx,2025-06-28T11:01:29.308363
MTAy,102,undefined,Enterprise,True,True,True,undefined,undefined,ACTIVE,ACTIVE,undefined,undefined,https://vsdigital-bookingwidget-prod.azurewebsites.net/b/MTAy,https://booking.hydreight.com/b/MTAy,2025-06-28T11:01:43.316329
MTAz,103,undefined,Enterprise,True,True,True,undefined,undefined,ACTIVE,ACTIVE,undefined,undefined,https://vsdigital-bookingwidget-prod.azurewebsites.net/b/MTAz,https://booking.hydreight.com/b/MTAz,2025-06-28T11:01:57.724710
MTA0,104,undefined,Enterprise,True,True,True,undefined,undefined,ACTIVE,ACTIVE,undefined,undefined,https://vsdigital-bookingwidget-prod.azurewebsites.net/b/MTA0,https://booking.hydreight.com/b/MTA0,2025-06-28T11:02:11.548133
