slug,tested_at,enterprise_status,enterprise_business_name,enterprise_classification,enterprise_page_title,enterprise_content_length,enterprise_load_time,enterprise_url,enterprise_final_url,enterprise_business_indicators,enterprise_error_indicators,hydreight_status,hydreight_business_name,hydreight_classification,hydreight_page_title,hydreight_content_length,hydreight_load_time,hydreight_url,hydreight_final_url,hydreight_business_indicators,hydreight_error_indicators,enterprise_active,hydreight_active,both_active,either_active,primary_business_name,primary_platform
OTk5,2025-06-29T10:45:04.461771,ERROR_PAGE,,UNDEFINED_TITLE_OR_ERROR_INDICATORS,undefined,31648,10.774045944213867,https://vsdigital-bookingwidget-prod.azurewebsites.net/b/OTk5,https://vsdigital-bookingwidget-prod.azurewebsites.net/widget,1,2,ERROR_PAGE,,UNDEFINED_TITLE_OR_ERROR_INDICATORS,undefined,31260,11.549591064453125,https://booking.hydreight.com/b/OTk5,https://booking.hydreight.com/widget,2,2,False,False,False,False,,None
MTAwMA==,2025-06-29T10:45:20.075552,ERROR_PAGE,,UNDEFINED_TITLE_OR_ERROR_INDICATORS,undefined,31648,8.685353994369507,https://vsdigital-bookingwidget-prod.azurewebsites.net/b/MTAwMA==,https://vsdigital-bookingwidget-prod.azurewebsites.net/widget,1,2,ACTIVE,Hydrate KC,ACTIVE_BUSINESS,Hydrate KC,34615,6.819935083389282,https://booking.hydreight.com/b/MTAwMA==,https://booking.hydreight.com/b/MTAwMA==,7,1,False,True,False,True,Hydrate KC,Hydreight
MTAwMQ==,2025-06-29T10:45:33.399272,ERROR_PAGE,,UNDEFINED_TITLE_OR_ERROR_INDICATORS,undefined,31648,7.965447902679443,https://vsdigital-bookingwidget-prod.azurewebsites.net/b/MTAwMQ==,https://vsdigital-bookingwidget-prod.azurewebsites.net/widget,1,2,ERROR_PAGE,,UNDEFINED_TITLE_OR_ERROR_INDICATORS,undefined,31260,5.251313209533691,https://booking.hydreight.com/b/MTAwMQ==,https://booking.hydreight.com/widget,2,2,False,False,False,False,,None
MTAwMg==,2025-06-29T10:45:47.247088,ERROR_PAGE,,UNDEFINED_TITLE_OR_ERROR_INDICATORS,undefined,31648,7.3232951164245605,https://vsdigital-bookingwidget-prod.azurewebsites.net/b/MTAwMg==,https://vsdigital-bookingwidget-prod.azurewebsites.net/widget,1,2,ERROR_PAGE,,UNDEFINED_TITLE_OR_ERROR_INDICATORS,undefined,31260,6.4161927700042725,https://booking.hydreight.com/b/MTAwMg==,https://booking.hydreight.com/widget,2,2,False,False,False,False,,None
MTAwMw==,2025-06-29T10:45:58.650276,ERROR_PAGE,,UNDEFINED_TITLE_OR_ERROR_INDICATORS,undefined,31648,5.299207925796509,https://vsdigital-bookingwidget-prod.azurewebsites.net/b/MTAwMw==,https://vsdigital-bookingwidget-prod.azurewebsites.net/widget,1,2,ERROR_PAGE,,UNDEFINED_TITLE_OR_ERROR_INDICATORS,undefined,31260,5.996256113052368,https://booking.hydreight.com/b/MTAwMw==,https://booking.hydreight.com/widget,2,2,False,False,False,False,,None
MTAwNA==,2025-06-29T10:46:10.593520,ERROR_PAGE,,UNDEFINED_TITLE_OR_ERROR_INDICATORS,undefined,31647,5.925753831863403,https://vsdigital-bookingwidget-prod.azurewebsites.net/b/MTAwNA==,https://vsdigital-bookingwidget-prod.azurewebsites.net/widget,1,2,ACTIVE,House of Hathor Wellness & Beauty,ACTIVE_BUSINESS,House of Hathor Wellness & Beauty,26573,5.909320116043091,https://booking.hydreight.com/b/MTAwNA==,https://booking.hydreight.com/widget-business/qr64k,3,1,False,True,False,True,House of Hathor Wellness & Beauty,Hydreight
MTAwNQ==,2025-06-29T10:46:28.424127,ERROR_PAGE,,UNDEFINED_TITLE_OR_ERROR_INDICATORS,undefined,31648,9.732966899871826,https://vsdigital-bookingwidget-prod.azurewebsites.net/b/MTAwNQ==,https://vsdigital-bookingwidget-prod.azurewebsites.net/widget,1,2,ERROR_PAGE,,UNDEFINED_TITLE_OR_ERROR_INDICATORS,undefined,31260,7.990070104598999,https://booking.hydreight.com/b/MTAwNQ==,https://booking.hydreight.com/widget,2,2,False,False,False,False,,None
MTAwNg==,2025-06-29T10:46:46.276841,ERROR_PAGE,,UNDEFINED_TITLE_OR_ERROR_INDICATORS,undefined,31648,7.706411123275757,https://vsdigital-bookingwidget-prod.azurewebsites.net/b/MTAwNg==,https://vsdigital-bookingwidget-prod.azurewebsites.net/widget,1,2,TIMEOUT,,TIMEOUT_ERROR,,0,10,https://booking.hydreight.com/b/MTAwNg==,,0,0,False,False,False,False,,None
MTAwNw==,2025-06-29T10:47:02.793907,ERROR_PAGE,,UNDEFINED_TITLE_OR_ERROR_INDICATORS,undefined,31648,6.765973091125488,https://vsdigital-bookingwidget-prod.azurewebsites.net/b/MTAwNw==,https://vsdigital-bookingwidget-prod.azurewebsites.net/widget,1,2,ERROR_PAGE,,UNDEFINED_TITLE_OR_ERROR_INDICATORS,undefined,31260,9.642603158950806,https://booking.hydreight.com/b/MTAwNw==,https://booking.hydreight.com/widget,2,2,False,False,False,False,,None
MTAwOA==,2025-06-29T10:47:23.683820,ERROR_PAGE,,UNDEFINED_TITLE_OR_ERROR_INDICATORS,undefined,31648,6.654742002487183,https://vsdigital-bookingwidget-prod.azurewebsites.net/b/MTAwOA==,https://vsdigital-bookingwidget-prod.azurewebsites.net/widget,1,2,ERROR_PAGE,,UNDEFINED_TITLE_OR_ERROR_INDICATORS,undefined,31260,14.126781940460205,https://booking.hydreight.com/b/MTAwOA==,https://booking.hydreight.com/widget,2,2,False,False,False,False,,None
MTAwOQ==,2025-06-29T10:47:41.914807,ERROR_PAGE,,UNDEFINED_TITLE_OR_ERROR_INDICATORS,undefined,31648,12.84997296333313,https://vsdigital-bookingwidget-prod.azurewebsites.net/b/MTAwOQ==,https://vsdigital-bookingwidget-prod.azurewebsites.net/widget,1,2,ACTIVE,BeeThrivin,ACTIVE_BUSINESS,BeeThrivin,36802,5.27360725402832,https://booking.hydreight.com/b/MTAwOQ==,https://booking.hydreight.com/widget-business/nh14k,4,1,False,True,False,True,BeeThrivin,Hydreight
MTAxMA==,2025-06-29T10:47:56.049022,ERROR_PAGE,,UNDEFINED_TITLE_OR_ERROR_INDICATORS,undefined,31648,7.3800482749938965,https://vsdigital-bookingwidget-prod.azurewebsites.net/b/MTAxMA==,https://vsdigital-bookingwidget-prod.azurewebsites.net/widget,1,2,ERROR_PAGE,,UNDEFINED_TITLE_OR_ERROR_INDICATORS,undefined,31260,6.645795106887817,https://booking.hydreight.com/b/MTAxMA==,https://booking.hydreight.com/widget,2,2,False,False,False,False,,None
MTAxMQ==,2025-06-29T10:48:13.784980,ERROR_PAGE,,UNDEFINED_TITLE_OR_ERROR_INDICATORS,undefined,31648,11.359119892120361,https://vsdigital-bookingwidget-prod.azurewebsites.net/b/MTAxMQ==,https://vsdigital-bookingwidget-prod.azurewebsites.net/widget,1,2,ERROR_PAGE,,UNDEFINED_TITLE_OR_ERROR_INDICATORS,undefined,31260,6.269618988037109,https://booking.hydreight.com/b/MTAxMQ==,https://booking.hydreight.com/widget,2,2,False,False,False,False,,None
MTAxMg==,2025-06-29T10:48:26.652537,ERROR_PAGE,,UNDEFINED_TITLE_OR_ERROR_INDICATORS,undefined,31648,6.693790912628174,https://vsdigital-bookingwidget-prod.azurewebsites.net/b/MTAxMg==,https://vsdigital-bookingwidget-prod.azurewebsites.net/widget,1,2,ERROR_PAGE,,UNDEFINED_TITLE_OR_ERROR_INDICATORS,undefined,31260,6.0699708461761475,https://booking.hydreight.com/b/MTAxMg==,https://booking.hydreight.com/widget,2,2,False,False,False,False,,None
MTAxMw==,2025-06-29T10:48:39.252205,ERROR_PAGE,,UNDEFINED_TITLE_OR_ERROR_INDICATORS,undefined,31648,6.611119031906128,https://vsdigital-bookingwidget-prod.azurewebsites.net/b/MTAxMw==,https://vsdigital-bookingwidget-prod.azurewebsites.net/widget,1,2,ACTIVE,Adorned Aesthetics,ACTIVE_BUSINESS,Adorned Aesthetics,33842,5.880038022994995,https://booking.hydreight.com/b/MTAxMw==,https://booking.hydreight.com/b/MTAxMw==,4,1,False,True,False,True,Adorned Aesthetics,Hydreight
MTAxNA==,2025-06-29T10:48:52.029771,ERROR_PAGE,,UNDEFINED_TITLE_OR_ERROR_INDICATORS,undefined,31648,6.621227025985718,https://vsdigital-bookingwidget-prod.azurewebsites.net/b/MTAxNA==,https://vsdigital-bookingwidget-prod.azurewebsites.net/widget,1,2,ACTIVE,Megan Merritt,ACTIVE_BUSINESS,Megan Merritt,26727,6.049452066421509,https://booking.hydreight.com/b/MTAxNA==,https://booking.hydreight.com/widget-business/aw28d,2,1,False,True,False,True,Megan Merritt,Hydreight
MTAxNQ==,2025-06-29T10:49:04.933745,ERROR_PAGE,,UNDEFINED_TITLE_OR_ERROR_INDICATORS,undefined,31648,6.606980085372925,https://vsdigital-bookingwidget-prod.azurewebsites.net/b/MTAxNQ==,https://vsdigital-bookingwidget-prod.azurewebsites.net/widget,1,2,ERROR_PAGE,,UNDEFINED_TITLE_OR_ERROR_INDICATORS,undefined,31260,6.188627243041992,https://booking.hydreight.com/b/MTAxNQ==,https://booking.hydreight.com/widget,2,2,False,False,False,False,,None
MTAxNg==,2025-06-29T10:49:19.700762,ERROR_PAGE,,UNDEFINED_TITLE_OR_ERROR_INDICATORS,undefined,31648,8.654306173324585,https://vsdigital-bookingwidget-prod.azurewebsites.net/b/MTAxNg==,https://vsdigital-bookingwidget-prod.azurewebsites.net/widget,1,2,ERROR_PAGE,,UNDEFINED_TITLE_OR_ERROR_INDICATORS,undefined,31260,6.0048508644104,https://booking.hydreight.com/b/MTAxNg==,https://booking.hydreight.com/widget,2,2,False,False,False,False,,None
MTAxNw==,2025-06-29T10:49:33.946759,ERROR_PAGE,,UNDEFINED_TITLE_OR_ERROR_INDICATORS,undefined,31648,7.656610012054443,https://vsdigital-bookingwidget-prod.azurewebsites.net/b/MTAxNw==,https://vsdigital-bookingwidget-prod.azurewebsites.net/widget,1,2,ERROR_PAGE,,UNDEFINED_TITLE_OR_ERROR_INDICATORS,undefined,31260,6.480993986129761,https://booking.hydreight.com/b/MTAxNw==,https://booking.hydreight.com/widget,2,2,False,False,False,False,,None
MTAxOA==,2025-06-29T10:49:44.642305,ERROR_PAGE,,UNDEFINED_TITLE_OR_ERROR_INDICATORS,undefined,31648,5.329010963439941,https://vsdigital-bookingwidget-prod.azurewebsites.net/b/MTAxOA==,https://vsdigital-bookingwidget-prod.azurewebsites.net/widget,1,2,ERROR_PAGE,,UNDEFINED_TITLE_OR_ERROR_INDICATORS,undefined,31260,5.262237787246704,https://booking.hydreight.com/b/MTAxOA==,https://booking.hydreight.com/widget,2,2,False,False,False,False,,None
MTAxOQ==,2025-06-29T10:49:57.540151,ERROR_PAGE,,UNDEFINED_TITLE_OR_ERROR_INDICATORS,undefined,31648,6.800367116928101,https://vsdigital-bookingwidget-prod.azurewebsites.net/b/MTAxOQ==,https://vsdigital-bookingwidget-prod.azurewebsites.net/widget,1,2,ACTIVE,"Refusionate Wellness and Aesthetic, LLC",ACTIVE_BUSINESS,"Refusionate Wellness and Aesthetic, LLC",45391,5.9888458251953125,https://booking.hydreight.com/b/MTAxOQ==,https://booking.hydreight.com/widget-business/nu52i,7,2,False,True,False,True,"Refusionate Wellness and Aesthetic, LLC",Hydreight
MTAyMA==,2025-06-29T10:50:08.227198,ERROR_PAGE,,UNDEFINED_TITLE_OR_ERROR_INDICATORS,undefined,31648,5.282426118850708,https://vsdigital-bookingwidget-prod.azurewebsites.net/b/MTAyMA==,https://vsdigital-bookingwidget-prod.azurewebsites.net/widget,1,2,ACTIVE,THRIVE WELLNESS/Colleen Sinon,ACTIVE_BUSINESS,THRIVE WELLNESS/Colleen Sinon,33823,5.296341896057129,https://booking.hydreight.com/b/MTAyMA==,https://booking.hydreight.com/b/MTAyMA==,5,1,False,True,False,True,THRIVE WELLNESS/Colleen Sinon,Hydreight
MTAyMQ==,2025-06-29T10:50:19.791262,ERROR_PAGE,,UNDEFINED_TITLE_OR_ERROR_INDICATORS,undefined,31648,5.297306060791016,https://vsdigital-bookingwidget-prod.azurewebsites.net/b/MTAyMQ==,https://vsdigital-bookingwidget-prod.azurewebsites.net/widget,1,2,ERROR_PAGE,,UNDEFINED_TITLE_OR_ERROR_INDICATORS,undefined,31260,6.158459186553955,https://booking.hydreight.com/b/MTAyMQ==,https://booking.hydreight.com/widget,2,2,False,False,False,False,,None
MTAyMg==,2025-06-29T10:50:36.389663,ERROR_PAGE,,UNDEFINED_TITLE_OR_ERROR_INDICATORS,undefined,31648,7.124297857284546,https://vsdigital-bookingwidget-prod.azurewebsites.net/b/MTAyMg==,https://vsdigital-bookingwidget-prod.azurewebsites.net/widget,1,2,ACTIVE,reviv+ drip lounge,ACTIVE_BUSINESS,reviv+ drip lounge,33706,9.36630916595459,https://booking.hydreight.com/b/MTAyMg==,https://booking.hydreight.com/b/MTAyMg==,2,1,False,True,False,True,reviv+ drip lounge,Hydreight
MTAyMw==,2025-06-29T10:50:50.949212,ERROR_PAGE,,UNDEFINED_TITLE_OR_ERROR_INDICATORS,undefined,31648,6.618249893188477,https://vsdigital-bookingwidget-prod.azurewebsites.net/b/MTAyMw==,https://vsdigital-bookingwidget-prod.azurewebsites.net/widget,1,2,ERROR_PAGE,,UNDEFINED_TITLE_OR_ERROR_INDICATORS,undefined,31260,7.83288311958313,https://booking.hydreight.com/b/MTAyMw==,https://booking.hydreight.com/widget,2,2,False,False,False,False,,None
MTAyNA==,2025-06-29T10:51:03.474612,ERROR_PAGE,,UNDEFINED_TITLE_OR_ERROR_INDICATORS,undefined,31648,6.522999048233032,https://vsdigital-bookingwidget-prod.azurewebsites.net/b/MTAyNA==,https://vsdigital-bookingwidget-prod.azurewebsites.net/widget,1,2,ERROR_PAGE,,UNDEFINED_TITLE_OR_ERROR_INDICATORS,undefined,31260,5.886965990066528,https://booking.hydreight.com/b/MTAyNA==,https://booking.hydreight.com/widget,2,2,False,False,False,False,,None
MTAyNQ==,2025-06-29T10:51:16.179134,ERROR_PAGE,,UNDEFINED_TITLE_OR_ERROR_INDICATORS,undefined,31648,6.761526823043823,https://vsdigital-bookingwidget-prod.azurewebsites.net/b/MTAyNQ==,https://vsdigital-bookingwidget-prod.azurewebsites.net/widget,1,2,ERROR_PAGE,,UNDEFINED_TITLE_OR_ERROR_INDICATORS,undefined,31260,5.83607292175293,https://booking.hydreight.com/b/MTAyNQ==,https://booking.hydreight.com/widget,2,2,False,False,False,False,,None
MTAyNg==,2025-06-29T10:51:27.383402,ERROR_PAGE,,UNDEFINED_TITLE_OR_ERROR_INDICATORS,undefined,31648,5.295217990875244,https://vsdigital-bookingwidget-prod.azurewebsites.net/b/MTAyNg==,https://vsdigital-bookingwidget-prod.azurewebsites.net/widget,1,2,ERROR_PAGE,,UNDEFINED_TITLE_OR_ERROR_INDICATORS,undefined,31260,5.8006181716918945,https://booking.hydreight.com/b/MTAyNg==,https://booking.hydreight.com/widget,2,2,False,False,False,False,,None
MTAyNw==,2025-06-29T10:51:38.662932,ERROR_PAGE,,UNDEFINED_TITLE_OR_ERROR_INDICATORS,undefined,31648,5.269366979598999,https://vsdigital-bookingwidget-prod.azurewebsites.net/b/MTAyNw==,https://vsdigital-bookingwidget-prod.azurewebsites.net/widget,1,2,ERROR_PAGE,,UNDEFINED_TITLE_OR_ERROR_INDICATORS,undefined,31260,5.902564287185669,https://booking.hydreight.com/b/MTAyNw==,https://booking.hydreight.com/widget,2,2,False,False,False,False,,None
MTAyOA==,2025-06-29T10:51:51.511743,ERROR_PAGE,,UNDEFINED_TITLE_OR_ERROR_INDICATORS,undefined,31648,6.747449159622192,https://vsdigital-bookingwidget-prod.azurewebsites.net/b/MTAyOA==,https://vsdigital-bookingwidget-prod.azurewebsites.net/widget,1,2,ERROR_PAGE,,UNDEFINED_TITLE_OR_ERROR_INDICATORS,undefined,31260,5.992928981781006,https://booking.hydreight.com/b/MTAyOA==,https://booking.hydreight.com/widget,2,2,False,False,False,False,,None
MTAyOQ==,2025-06-29T10:52:02.181220,ERROR_PAGE,,UNDEFINED_TITLE_OR_ERROR_INDICATORS,undefined,31648,5.286944150924683,https://vsdigital-bookingwidget-prod.azurewebsites.net/b/MTAyOQ==,https://vsdigital-bookingwidget-prod.azurewebsites.net/widget,1,2,ERROR_PAGE,,UNDEFINED_TITLE_OR_ERROR_INDICATORS,undefined,31260,5.274177074432373,https://booking.hydreight.com/b/MTAyOQ==,https://booking.hydreight.com/widget,2,2,False,False,False,False,,None
MTAzMA==,2025-06-29T10:52:12.847782,ERROR_PAGE,,UNDEFINED_TITLE_OR_ERROR_INDICATORS,undefined,31648,5.291890859603882,https://vsdigital-bookingwidget-prod.azurewebsites.net/b/MTAzMA==,https://vsdigital-bookingwidget-prod.azurewebsites.net/widget,1,2,ERROR_PAGE,,UNDEFINED_TITLE_OR_ERROR_INDICATORS,undefined,31260,5.2669761180877686,https://booking.hydreight.com/b/MTAzMA==,https://booking.hydreight.com/widget,2,2,False,False,False,False,,None
MTAzMQ==,2025-06-29T10:52:26.565488,ERROR_PAGE,,UNDEFINED_TITLE_OR_ERROR_INDICATORS,undefined,31648,7.653763055801392,https://vsdigital-bookingwidget-prod.azurewebsites.net/b/MTAzMQ==,https://vsdigital-bookingwidget-prod.azurewebsites.net/widget,1,2,ERROR_PAGE,,UNDEFINED_TITLE_OR_ERROR_INDICATORS,undefined,31260,5.959260940551758,https://booking.hydreight.com/b/MTAzMQ==,https://booking.hydreight.com/widget,2,2,False,False,False,False,,None
MTAzMg==,2025-06-29T10:52:38.210840,ERROR_PAGE,,UNDEFINED_TITLE_OR_ERROR_INDICATORS,undefined,31648,5.299891948699951,https://vsdigital-bookingwidget-prod.azurewebsites.net/b/MTAzMg==,https://vsdigital-bookingwidget-prod.azurewebsites.net/widget,1,2,ERROR_PAGE,,UNDEFINED_TITLE_OR_ERROR_INDICATORS,undefined,31260,6.237006902694702,https://booking.hydreight.com/b/MTAzMg==,https://booking.hydreight.com/widget,2,2,False,False,False,False,,None
MTAzMw==,2025-06-29T10:52:50.057475,ERROR_PAGE,,UNDEFINED_TITLE_OR_ERROR_INDICATORS,undefined,31648,5.292882919311523,https://vsdigital-bookingwidget-prod.azurewebsites.net/b/MTAzMw==,https://vsdigital-bookingwidget-prod.azurewebsites.net/widget,1,2,ERROR_PAGE,,UNDEFINED_TITLE_OR_ERROR_INDICATORS,undefined,31260,6.445656061172485,https://booking.hydreight.com/b/MTAzMw==,https://booking.hydreight.com/widget,2,2,False,False,False,False,,None
MTAzNA==,2025-06-29T10:53:03.530609,ERROR_PAGE,,UNDEFINED_TITLE_OR_ERROR_INDICATORS,undefined,31648,7.498342990875244,https://vsdigital-bookingwidget-prod.azurewebsites.net/b/MTAzNA==,https://vsdigital-bookingwidget-prod.azurewebsites.net/widget,1,2,ACTIVE,Essential VITALS,ACTIVE_BUSINESS,Essential VITALS,33783,5.866331100463867,https://booking.hydreight.com/b/MTAzNA==,https://booking.hydreight.com/b/MTAzNA==,4,1,False,True,False,True,Essential VITALS,Hydreight
MTAzNQ==,2025-06-29T10:53:16.061371,ERROR_PAGE,,UNDEFINED_TITLE_OR_ERROR_INDICATORS,undefined,31648,6.428597927093506,https://vsdigital-bookingwidget-prod.azurewebsites.net/b/MTAzNQ==,https://vsdigital-bookingwidget-prod.azurewebsites.net/widget,1,2,ACTIVE,K&K Drip Bar LLC,ACTIVE_BUSINESS,K&K Drip Bar LLC,34042,5.993585109710693,https://booking.hydreight.com/b/MTAzNQ==,https://booking.hydreight.com/widget-business/ut17b,2,1,False,True,False,True,K&K Drip Bar LLC,Hydreight
MTAzNg==,2025-06-29T10:53:30.428308,ERROR_PAGE,,UNDEFINED_TITLE_OR_ERROR_INDICATORS,undefined,31648,8.449395179748535,https://vsdigital-bookingwidget-prod.azurewebsites.net/b/MTAzNg==,https://vsdigital-bookingwidget-prod.azurewebsites.net/widget,1,2,ERROR_PAGE,,UNDEFINED_TITLE_OR_ERROR_INDICATORS,undefined,31260,5.809427976608276,https://booking.hydreight.com/b/MTAzNg==,https://booking.hydreight.com/widget,2,2,False,False,False,False,,None
MTAzNw==,2025-06-29T10:53:42.804588,ERROR_PAGE,,UNDEFINED_TITLE_OR_ERROR_INDICATORS,undefined,31648,6.463824033737183,https://vsdigital-bookingwidget-prod.azurewebsites.net/b/MTAzNw==,https://vsdigital-bookingwidget-prod.azurewebsites.net/widget,1,2,ERROR_PAGE,,UNDEFINED_TITLE_OR_ERROR_INDICATORS,undefined,31260,5.804902076721191,https://booking.hydreight.com/b/MTAzNw==,https://booking.hydreight.com/widget,2,2,False,False,False,False,,None
MTAzOA==,2025-06-29T10:53:55.547039,ERROR_PAGE,,UNDEFINED_TITLE_OR_ERROR_INDICATORS,undefined,31648,6.836648225784302,https://vsdigital-bookingwidget-prod.azurewebsites.net/b/MTAzOA==,https://vsdigital-bookingwidget-prod.azurewebsites.net/widget,1,2,ACTIVE,Azul Hydration Co.,ACTIVE_BUSINESS,Azul Hydration Co.,33803,5.797329902648926,https://booking.hydreight.com/b/MTAzOA==,https://booking.hydreight.com/b/MTAzOA==,5,1,False,True,False,True,Azul Hydration Co.,Hydreight
MTAzOQ==,2025-06-29T10:54:07.933765,ERROR_PAGE,,UNDEFINED_TITLE_OR_ERROR_INDICATORS,undefined,31648,6.453539133071899,https://vsdigital-bookingwidget-prod.azurewebsites.net/b/MTAzOQ==,https://vsdigital-bookingwidget-prod.azurewebsites.net/widget,1,2,ACTIVE,Revive Aesthetics & Wellness,ACTIVE_BUSINESS,Revive Aesthetics & Wellness,46173,5.824357748031616,https://booking.hydreight.com/b/MTAzOQ==,https://booking.hydreight.com/widget-business/dl75x,10,2,False,True,False,True,Revive Aesthetics & Wellness,Hydreight
MTA0MA==,2025-06-29T10:54:20.615558,ERROR_PAGE,,UNDEFINED_TITLE_OR_ERROR_INDICATORS,undefined,31648,6.756190061569214,https://vsdigital-bookingwidget-prod.azurewebsites.net/b/MTA0MA==,https://vsdigital-bookingwidget-prod.azurewebsites.net/widget,1,2,ERROR_PAGE,,UNDEFINED_TITLE_OR_ERROR_INDICATORS,undefined,31260,5.817454099655151,https://booking.hydreight.com/b/MTA0MA==,https://booking.hydreight.com/widget,2,2,False,False,False,False,,None
MTA0MQ==,2025-06-29T10:54:32.857450,ERROR_PAGE,,UNDEFINED_TITLE_OR_ERROR_INDICATORS,undefined,31648,6.335370063781738,https://vsdigital-bookingwidget-prod.azurewebsites.net/b/MTA0MQ==,https://vsdigital-bookingwidget-prod.azurewebsites.net/widget,1,2,ERROR_PAGE,,UNDEFINED_TITLE_OR_ERROR_INDICATORS,undefined,31260,5.798372268676758,https://booking.hydreight.com/b/MTA0MQ==,https://booking.hydreight.com/widget,2,2,False,False,False,False,,None
MTA0Mg==,2025-06-29T10:54:45.333791,ERROR_PAGE,,UNDEFINED_TITLE_OR_ERROR_INDICATORS,undefined,31648,6.537307977676392,https://vsdigital-bookingwidget-prod.azurewebsites.net/b/MTA0Mg==,https://vsdigital-bookingwidget-prod.azurewebsites.net/widget,1,2,ERROR_PAGE,,UNDEFINED_TITLE_OR_ERROR_INDICATORS,undefined,31260,5.830585956573486,https://booking.hydreight.com/b/MTA0Mg==,https://booking.hydreight.com/widget,2,2,False,False,False,False,,None
MTA0Mw==,2025-06-29T10:54:57.410287,ERROR_PAGE,,UNDEFINED_TITLE_OR_ERROR_INDICATORS,undefined,31648,6.568065643310547,https://vsdigital-bookingwidget-prod.azurewebsites.net/b/MTA0Mw==,https://vsdigital-bookingwidget-prod.azurewebsites.net/widget,1,2,ERROR_PAGE,,UNDEFINED_TITLE_OR_ERROR_INDICATORS,undefined,31260,5.400141954421997,https://booking.hydreight.com/b/MTA0Mw==,https://booking.hydreight.com/widget,2,2,False,False,False,False,,None
MTA0NA==,2025-06-29T10:55:08.761706,ERROR_PAGE,,UNDEFINED_TITLE_OR_ERROR_INDICATORS,undefined,31648,5.288800001144409,https://vsdigital-bookingwidget-prod.azurewebsites.net/b/MTA0NA==,https://vsdigital-bookingwidget-prod.azurewebsites.net/widget,1,2,ERROR_PAGE,,UNDEFINED_TITLE_OR_ERROR_INDICATORS,undefined,31260,5.955051898956299,https://booking.hydreight.com/b/MTA0NA==,https://booking.hydreight.com/widget,2,2,False,False,False,False,,None
MTA0NQ==,2025-06-29T10:55:19.974476,ERROR_PAGE,,UNDEFINED_TITLE_OR_ERROR_INDICATORS,undefined,31648,5.281154155731201,https://vsdigital-bookingwidget-prod.azurewebsites.net/b/MTA0NQ==,https://vsdigital-bookingwidget-prod.azurewebsites.net/widget,1,2,ACTIVE,Rochelle Hankins,ACTIVE_BUSINESS,Rochelle Hankins,32157,5.823511123657227,https://booking.hydreight.com/b/MTA0NQ==,https://booking.hydreight.com/widget-business/xz06j,2,2,False,True,False,True,Rochelle Hankins,Hydreight
MTA0Ng==,2025-06-29T10:55:34.571453,ERROR_PAGE,,UNDEFINED_TITLE_OR_ERROR_INDICATORS,undefined,31648,7.769139051437378,https://vsdigital-bookingwidget-prod.azurewebsites.net/b/MTA0Ng==,https://vsdigital-bookingwidget-prod.azurewebsites.net/widget,1,2,ERROR_PAGE,,UNDEFINED_TITLE_OR_ERROR_INDICATORS,undefined,31260,6.719449043273926,https://booking.hydreight.com/b/MTA0Ng==,https://booking.hydreight.com/widget,2,2,False,False,False,False,,None
MTA0Nw==,2025-06-29T10:55:45.802167,ERROR_PAGE,,UNDEFINED_TITLE_OR_ERROR_INDICATORS,undefined,31648,5.2986390590667725,https://vsdigital-bookingwidget-prod.azurewebsites.net/b/MTA0Nw==,https://vsdigital-bookingwidget-prod.azurewebsites.net/widget,1,2,ERROR_PAGE,,UNDEFINED_TITLE_OR_ERROR_INDICATORS,undefined,31260,5.823608160018921,https://booking.hydreight.com/b/MTA0Nw==,https://booking.hydreight.com/widget,2,2,False,False,False,False,,None
MTA0OA==,2025-06-29T10:55:58.168435,ERROR_PAGE,,UNDEFINED_TITLE_OR_ERROR_INDICATORS,undefined,31648,6.458747863769531,https://vsdigital-bookingwidget-prod.azurewebsites.net/b/MTA0OA==,https://vsdigital-bookingwidget-prod.azurewebsites.net/widget,1,2,ERROR_PAGE,,UNDEFINED_TITLE_OR_ERROR_INDICATORS,undefined,31260,5.799121856689453,https://booking.hydreight.com/b/MTA0OA==,https://booking.hydreight.com/widget,2,2,False,False,False,False,,None
MTA0OQ==,2025-06-29T10:56:08.863340,ERROR_PAGE,,UNDEFINED_TITLE_OR_ERROR_INDICATORS,undefined,31648,5.292596817016602,https://vsdigital-bookingwidget-prod.azurewebsites.net/b/MTA0OQ==,https://vsdigital-bookingwidget-prod.azurewebsites.net/widget,1,2,ACTIVE,ALMIGHTY INFUSIONS,ACTIVE_BUSINESS,ALMIGHTY INFUSIONS,33801,5.286230087280273,https://booking.hydreight.com/b/MTA0OQ==,https://booking.hydreight.com/b/MTA0OQ==,4,1,False,True,False,True,ALMIGHTY INFUSIONS,Hydreight
MTA1MA==,2025-06-29T10:56:29.158503,ERROR_PAGE,,UNDEFINED_TITLE_OR_ERROR_INDICATORS,undefined,31648,14.267753839492798,https://vsdigital-bookingwidget-prod.azurewebsites.net/b/MTA1MA==,https://vsdigital-bookingwidget-prod.azurewebsites.net/widget,1,2,ACTIVE,Sabrina Zentner,ACTIVE_BUSINESS,Sabrina Zentner,33779,5.919613838195801,https://booking.hydreight.com/b/MTA1MA==,https://booking.hydreight.com/b/MTA1MA==,4,1,False,True,False,True,Sabrina Zentner,Hydreight
MTA1MQ==,2025-06-29T10:56:43.680415,ERROR_PAGE,,UNDEFINED_TITLE_OR_ERROR_INDICATORS,undefined,31648,8.31528091430664,https://vsdigital-bookingwidget-prod.azurewebsites.net/b/MTA1MQ==,https://vsdigital-bookingwidget-prod.azurewebsites.net/widget,1,2,ERROR_PAGE,,UNDEFINED_TITLE_OR_ERROR_INDICATORS,undefined,31260,6.098219871520996,https://booking.hydreight.com/b/MTA1MQ==,https://booking.hydreight.com/widget,2,2,False,False,False,False,,None
MTA1Mg==,2025-06-29T10:56:55.026545,ERROR_PAGE,,UNDEFINED_TITLE_OR_ERROR_INDICATORS,undefined,31648,5.313111066818237,https://vsdigital-bookingwidget-prod.azurewebsites.net/b/MTA1Mg==,https://vsdigital-bookingwidget-prod.azurewebsites.net/widget,1,2,ACTIVE,"Rae’s Rejuvenation Station, LLC",ACTIVE_BUSINESS,"Rae’s Rejuvenation Station, LLC",33827,5.9247801303863525,https://booking.hydreight.com/b/MTA1Mg==,https://booking.hydreight.com/b/MTA1Mg==,4,1,False,True,False,True,"Rae’s Rejuvenation Station, LLC",Hydreight
MTA1Mw==,2025-06-29T10:57:07.024906,ERROR_PAGE,,UNDEFINED_TITLE_OR_ERROR_INDICATORS,undefined,31648,6.599395990371704,https://vsdigital-bookingwidget-prod.azurewebsites.net/b/MTA1Mw==,https://vsdigital-bookingwidget-prod.azurewebsites.net/widget,1,2,ERROR_PAGE,,UNDEFINED_TITLE_OR_ERROR_INDICATORS,undefined,31260,5.290580987930298,https://booking.hydreight.com/b/MTA1Mw==,https://booking.hydreight.com/widget,2,2,False,False,False,False,,None
MTA1NA==,2025-06-29T10:57:19.884103,ERROR_PAGE,,UNDEFINED_TITLE_OR_ERROR_INDICATORS,undefined,31647,6.931055068969727,https://vsdigital-bookingwidget-prod.azurewebsites.net/b/MTA1NA==,https://vsdigital-bookingwidget-prod.azurewebsites.net/widget,1,2,ACTIVE,Simply IV's - Simply Redefined,ACTIVE_BUSINESS,Simply IV's - Simply Redefined,33835,5.820668935775757,https://booking.hydreight.com/b/MTA1NA==,https://booking.hydreight.com/b/MTA1NA==,4,1,False,True,False,True,Simply IV's - Simply Redefined,Hydreight
MTA1NQ==,2025-06-29T10:57:35.457726,ERROR_PAGE,,UNDEFINED_TITLE_OR_ERROR_INDICATORS,undefined,31648,7.630596160888672,https://vsdigital-bookingwidget-prod.azurewebsites.net/b/MTA1NQ==,https://vsdigital-bookingwidget-prod.azurewebsites.net/widget,1,2,ERROR_PAGE,,UNDEFINED_TITLE_OR_ERROR_INDICATORS,undefined,31260,7.834599256515503,https://booking.hydreight.com/b/MTA1NQ==,https://booking.hydreight.com/widget,2,2,False,False,False,False,,None
MTA1Ng==,2025-06-29T10:57:48.040003,ERROR_PAGE,,UNDEFINED_TITLE_OR_ERROR_INDICATORS,undefined,31648,7.207502126693726,https://vsdigital-bookingwidget-prod.azurewebsites.net/b/MTA1Ng==,https://vsdigital-bookingwidget-prod.azurewebsites.net/widget,1,2,ACTIVE,Drip & Glow Medspa,ACTIVE_BUSINESS,Drip & Glow Medspa,45602,5.266665935516357,https://booking.hydreight.com/b/MTA1Ng==,https://booking.hydreight.com/widget-business/th42c,9,2,False,True,False,True,Drip & Glow Medspa,Hydreight
MTA1Nw==,2025-06-29T10:58:01.409032,ERROR_PAGE,,UNDEFINED_TITLE_OR_ERROR_INDICATORS,undefined,31648,5.288297176361084,https://vsdigital-bookingwidget-prod.azurewebsites.net/b/MTA1Nw==,https://vsdigital-bookingwidget-prod.azurewebsites.net/widget,1,2,ACTIVE,Vital Therapeutics,ACTIVE_BUSINESS,Vital Therapeutics,36555,7.973176002502441,https://booking.hydreight.com/b/MTA1Nw==,https://booking.hydreight.com/widget-business/zk19u,5,1,False,True,False,True,Vital Therapeutics,Hydreight
MTA1OA==,2025-06-29T10:58:14.040516,ERROR_PAGE,,UNDEFINED_TITLE_OR_ERROR_INDICATORS,undefined,31648,6.650916814804077,https://vsdigital-bookingwidget-prod.azurewebsites.net/b/MTA1OA==,https://vsdigital-bookingwidget-prod.azurewebsites.net/widget,1,2,ERROR_PAGE,,UNDEFINED_TITLE_OR_ERROR_INDICATORS,undefined,31260,5.872318983078003,https://booking.hydreight.com/b/MTA1OA==,https://booking.hydreight.com/widget,2,2,False,False,False,False,,None
MTA1OQ==,2025-06-29T10:58:28.178714,ERROR_PAGE,,UNDEFINED_TITLE_OR_ERROR_INDICATORS,undefined,31648,8.744277000427246,https://vsdigital-bookingwidget-prod.azurewebsites.net/b/MTA1OQ==,https://vsdigital-bookingwidget-prod.azurewebsites.net/widget,1,2,ERROR_PAGE,,UNDEFINED_TITLE_OR_ERROR_INDICATORS,undefined,31260,5.285459995269775,https://booking.hydreight.com/b/MTA1OQ==,https://booking.hydreight.com/widget,2,2,False,False,False,False,,None
MTA2MA==,2025-06-29T10:58:39.453156,ERROR_PAGE,,UNDEFINED_TITLE_OR_ERROR_INDICATORS,undefined,31648,5.281725883483887,https://vsdigital-bookingwidget-prod.azurewebsites.net/b/MTA2MA==,https://vsdigital-bookingwidget-prod.azurewebsites.net/widget,1,2,ERROR_PAGE,,UNDEFINED_TITLE_OR_ERROR_INDICATORS,undefined,31260,5.8848490715026855,https://booking.hydreight.com/b/MTA2MA==,https://booking.hydreight.com/widget,2,2,False,False,False,False,,None
MTA2MQ==,2025-06-29T10:58:54.438606,ERROR_PAGE,,UNDEFINED_TITLE_OR_ERROR_INDICATORS,undefined,31648,8.847944021224976,https://vsdigital-bookingwidget-prod.azurewebsites.net/b/MTA2MQ==,https://vsdigital-bookingwidget-prod.azurewebsites.net/widget,1,2,ACTIVE,Infused Wellness Solutions,ACTIVE_BUSINESS,Infused Wellness Solutions,45341,6.028625011444092,https://booking.hydreight.com/b/MTA2MQ==,https://booking.hydreight.com/widget-business/hv31k,7,2,False,True,False,True,Infused Wellness Solutions,Hydreight
MTA2Mg==,2025-06-29T10:59:10.931406,ERROR_PAGE,,UNDEFINED_TITLE_OR_ERROR_INDICATORS,undefined,31648,6.6075310707092285,https://vsdigital-bookingwidget-prod.azurewebsites.net/b/MTA2Mg==,https://vsdigital-bookingwidget-prod.azurewebsites.net/widget,1,2,ERROR_PAGE,,EMPTY_TITLE_INVALID_URL,,33284,9.777720212936401,https://booking.hydreight.com/b/MTA2Mg==,https://booking.hydreight.com/b/MTA2Mg==,1,1,False,False,False,False,,None
MTA2Mw==,2025-06-29T10:59:27.322630,ERROR_PAGE,,UNDEFINED_TITLE_OR_ERROR_INDICATORS,undefined,31648,9.76984977722168,https://vsdigital-bookingwidget-prod.azurewebsites.net/b/MTA2Mw==,https://vsdigital-bookingwidget-prod.azurewebsites.net/widget,1,2,ERROR_PAGE,,EMPTY_TITLE_INVALID_URL,,31242,6.513200044631958,https://booking.hydreight.com/b/MTA2Mw==,https://booking.hydreight.com/widget,2,2,False,False,False,False,,None
MTA2NA==,2025-06-29T10:59:38.932487,ERROR_PAGE,,UNDEFINED_TITLE_OR_ERROR_INDICATORS,undefined,31648,5.2773730754852295,https://vsdigital-bookingwidget-prod.azurewebsites.net/b/MTA2NA==,https://vsdigital-bookingwidget-prod.azurewebsites.net/widget,1,2,ERROR_PAGE,,UNDEFINED_TITLE_OR_ERROR_INDICATORS,undefined,31260,6.2241291999816895,https://booking.hydreight.com/b/MTA2NA==,https://booking.hydreight.com/widget,2,2,False,False,False,False,,None
MTA2NQ==,2025-06-29T10:59:51.621219,ERROR_PAGE,,UNDEFINED_TITLE_OR_ERROR_INDICATORS,undefined,31648,5.361020803451538,https://vsdigital-bookingwidget-prod.azurewebsites.net/b/MTA2NQ==,https://vsdigital-bookingwidget-prod.azurewebsites.net/widget,1,2,ERROR_PAGE,,UNDEFINED_TITLE_OR_ERROR_INDICATORS,undefined,31260,7.2192933559417725,https://booking.hydreight.com/b/MTA2NQ==,https://booking.hydreight.com/widget,2,2,False,False,False,False,,None
MTA2Ng==,2025-06-29T11:00:05.404723,ERROR_PAGE,,UNDEFINED_TITLE_OR_ERROR_INDICATORS,undefined,31648,7.665480852127075,https://vsdigital-bookingwidget-prod.azurewebsites.net/b/MTA2Ng==,https://vsdigital-bookingwidget-prod.azurewebsites.net/widget,1,2,ERROR_PAGE,,UNDEFINED_TITLE_OR_ERROR_INDICATORS,undefined,31260,6.009533882141113,https://booking.hydreight.com/b/MTA2Ng==,https://booking.hydreight.com/widget,2,2,False,False,False,False,,None
MTA2Nw==,2025-06-29T11:00:17.857876,ERROR_PAGE,,UNDEFINED_TITLE_OR_ERROR_INDICATORS,undefined,31648,5.356739282608032,https://vsdigital-bookingwidget-prod.azurewebsites.net/b/MTA2Nw==,https://vsdigital-bookingwidget-prod.azurewebsites.net/widget,1,2,ERROR_PAGE,,UNDEFINED_TITLE_OR_ERROR_INDICATORS,undefined,31260,6.988046884536743,https://booking.hydreight.com/b/MTA2Nw==,https://booking.hydreight.com/widget,2,2,False,False,False,False,,None
MTA2OA==,2025-06-29T11:00:29.803860,ERROR_PAGE,,UNDEFINED_TITLE_OR_ERROR_INDICATORS,undefined,31648,6.561218976974487,https://vsdigital-bookingwidget-prod.azurewebsites.net/b/MTA2OA==,https://vsdigital-bookingwidget-prod.azurewebsites.net/widget,1,2,ACTIVE,RNInvigorate,ACTIVE_BUSINESS,RNInvigorate,32153,5.276306867599487,https://booking.hydreight.com/b/MTA2OA==,https://booking.hydreight.com/widget-business/ay72e,2,2,False,True,False,True,RNInvigorate,Hydreight
MTA2OQ==,2025-06-29T11:00:46.169153,ERROR_PAGE,,UNDEFINED_TITLE_OR_ERROR_INDICATORS,undefined,31648,10.340077877044678,https://vsdigital-bookingwidget-prod.azurewebsites.net/b/MTA2OQ==,https://vsdigital-bookingwidget-prod.azurewebsites.net/widget,1,2,ACTIVE,"Infusion Skin & Wellness, LLC",ACTIVE_BUSINESS,"Infusion Skin & Wellness, LLC",45679,5.916390895843506,https://booking.hydreight.com/b/MTA2OQ==,https://booking.hydreight.com/widget-business/sr19g,9,2,False,True,False,True,"Infusion Skin & Wellness, LLC",Hydreight
MTA3MA==,2025-06-29T11:00:58.784354,ERROR_PAGE,,UNDEFINED_TITLE_OR_ERROR_INDICATORS,undefined,31648,6.525807857513428,https://vsdigital-bookingwidget-prod.azurewebsites.net/b/MTA3MA==,https://vsdigital-bookingwidget-prod.azurewebsites.net/widget,1,2,ERROR_PAGE,,UNDEFINED_TITLE_OR_ERROR_INDICATORS,undefined,31260,5.981129884719849,https://booking.hydreight.com/b/MTA3MA==,https://booking.hydreight.com/widget,2,2,False,False,False,False,,None
MTA3MQ==,2025-06-29T11:01:14.213359,ERROR_PAGE,,UNDEFINED_TITLE_OR_ERROR_INDICATORS,undefined,31648,9.391170024871826,https://vsdigital-bookingwidget-prod.azurewebsites.net/b/MTA3MQ==,https://vsdigital-bookingwidget-prod.azurewebsites.net/widget,1,2,ERROR_PAGE,,UNDEFINED_TITLE_OR_ERROR_INDICATORS,undefined,31260,5.9293670654296875,https://booking.hydreight.com/b/MTA3MQ==,https://booking.hydreight.com/widget,2,2,False,False,False,False,,None
MTA3Mg==,2025-06-29T11:01:27.258101,ERROR_PAGE,,UNDEFINED_TITLE_OR_ERROR_INDICATORS,undefined,31648,6.858866930007935,https://vsdigital-bookingwidget-prod.azurewebsites.net/b/MTA3Mg==,https://vsdigital-bookingwidget-prod.azurewebsites.net/widget,1,2,ERROR_PAGE,,UNDEFINED_TITLE_OR_ERROR_INDICATORS,undefined,31260,6.0774359703063965,https://booking.hydreight.com/b/MTA3Mg==,https://booking.hydreight.com/widget,2,2,False,False,False,False,,None
MTA3Mw==,2025-06-29T11:01:41.581474,ERROR_PAGE,,UNDEFINED_TITLE_OR_ERROR_INDICATORS,undefined,31648,7.741819858551025,https://vsdigital-bookingwidget-prod.azurewebsites.net/b/MTA3Mw==,https://vsdigital-bookingwidget-prod.azurewebsites.net/widget,1,2,ERROR_PAGE,,UNDEFINED_TITLE_OR_ERROR_INDICATORS,undefined,31260,6.473067045211792,https://booking.hydreight.com/b/MTA3Mw==,https://booking.hydreight.com/widget,2,2,False,False,False,False,,None
MTA3NA==,2025-06-29T11:01:56.337894,ERROR_PAGE,,UNDEFINED_TITLE_OR_ERROR_INDICATORS,undefined,31648,8.708707094192505,https://vsdigital-bookingwidget-prod.azurewebsites.net/b/MTA3NA==,https://vsdigital-bookingwidget-prod.azurewebsites.net/widget,1,2,ERROR_PAGE,,UNDEFINED_TITLE_OR_ERROR_INDICATORS,undefined,31260,5.9302661418914795,https://booking.hydreight.com/b/MTA3NA==,https://booking.hydreight.com/widget,2,2,False,False,False,False,,None
MTA3NQ==,2025-06-29T11:02:08.725573,ERROR_PAGE,,UNDEFINED_TITLE_OR_ERROR_INDICATORS,undefined,31648,6.352219820022583,https://vsdigital-bookingwidget-prod.azurewebsites.net/b/MTA3NQ==,https://vsdigital-bookingwidget-prod.azurewebsites.net/widget,1,2,ERROR_PAGE,,UNDEFINED_TITLE_OR_ERROR_INDICATORS,undefined,31260,5.9269490242004395,https://booking.hydreight.com/b/MTA3NQ==,https://booking.hydreight.com/widget,2,2,False,False,False,False,,None
MTA3Ng==,2025-06-29T11:02:22.543532,ERROR_PAGE,,UNDEFINED_TITLE_OR_ERROR_INDICATORS,undefined,31648,7.187018871307373,https://vsdigital-bookingwidget-prod.azurewebsites.net/b/MTA3Ng==,https://vsdigital-bookingwidget-prod.azurewebsites.net/widget,1,2,ERROR_PAGE,,UNDEFINED_TITLE_OR_ERROR_INDICATORS,undefined,31260,6.522526979446411,https://booking.hydreight.com/b/MTA3Ng==,https://booking.hydreight.com/widget,2,2,False,False,False,False,,None
MTA3Nw==,2025-06-29T11:02:36.020428,ERROR_PAGE,,UNDEFINED_TITLE_OR_ERROR_INDICATORS,undefined,31648,6.534272909164429,https://vsdigital-bookingwidget-prod.azurewebsites.net/b/MTA3Nw==,https://vsdigital-bookingwidget-prod.azurewebsites.net/widget,1,2,ACTIVE,RN Wellness,ACTIVE_BUSINESS,RN Wellness,45281,6.833968162536621,https://booking.hydreight.com/b/MTA3Nw==,https://booking.hydreight.com/widget-business/za20r,7,2,False,True,False,True,RN Wellness,Hydreight
MTA3OA==,2025-06-29T11:02:47.378133,ERROR_PAGE,,UNDEFINED_TITLE_OR_ERROR_INDICATORS,undefined,31648,5.2858922481536865,https://vsdigital-bookingwidget-prod.azurewebsites.net/b/MTA3OA==,https://vsdigital-bookingwidget-prod.azurewebsites.net/widget,1,2,ERROR_PAGE,,UNDEFINED_TITLE_OR_ERROR_INDICATORS,undefined,31260,5.963674068450928,https://booking.hydreight.com/b/MTA3OA==,https://booking.hydreight.com/widget,2,2,False,False,False,False,,None
MTA3OQ==,2025-06-29T11:03:00.496691,ERROR_PAGE,,UNDEFINED_TITLE_OR_ERROR_INDICATORS,undefined,31648,6.820575952529907,https://vsdigital-bookingwidget-prod.azurewebsites.net/b/MTA3OQ==,https://vsdigital-bookingwidget-prod.azurewebsites.net/widget,1,2,ACTIVE,LaCrecia Baker,ACTIVE_BUSINESS,LaCrecia Baker,45592,6.189042329788208,https://booking.hydreight.com/b/MTA3OQ==,https://booking.hydreight.com/widget-business/za49h,8,2,False,True,False,True,LaCrecia Baker,Hydreight
MTA4MA==,2025-06-29T11:03:13.084474,ERROR_PAGE,,UNDEFINED_TITLE_OR_ERROR_INDICATORS,undefined,31648,6.493384122848511,https://vsdigital-bookingwidget-prod.azurewebsites.net/b/MTA4MA==,https://vsdigital-bookingwidget-prod.azurewebsites.net/widget,1,2,ACTIVE,Its The Drip,ACTIVE_BUSINESS,Its The Drip,33962,5.98589301109314,https://booking.hydreight.com/b/MTA4MA==,https://booking.hydreight.com/b/MTA4MA==,5,1,False,True,False,True,Its The Drip,Hydreight
MTA4MQ==,2025-06-29T11:03:25.033338,ERROR_PAGE,,UNDEFINED_TITLE_OR_ERROR_INDICATORS,undefined,31648,6.5644543170928955,https://vsdigital-bookingwidget-prod.azurewebsites.net/b/MTA4MQ==,https://vsdigital-bookingwidget-prod.azurewebsites.net/widget,1,2,ERROR_PAGE,,UNDEFINED_TITLE_OR_ERROR_INDICATORS,undefined,31260,5.276035785675049,https://booking.hydreight.com/b/MTA4MQ==,https://booking.hydreight.com/widget,2,2,False,False,False,False,,None
MTA4Mg==,2025-06-29T11:03:42.037378,ERROR_PAGE,,UNDEFINED_TITLE_OR_ERROR_INDICATORS,undefined,31648,8.910618782043457,https://vsdigital-bookingwidget-prod.azurewebsites.net/b/MTA4Mg==,https://vsdigital-bookingwidget-prod.azurewebsites.net/widget,1,2,ERROR_PAGE,,UNDEFINED_TITLE_OR_ERROR_INDICATORS,undefined,31260,7.984993934631348,https://booking.hydreight.com/b/MTA4Mg==,https://booking.hydreight.com/widget,2,2,False,False,False,False,,None
MTA4Mw==,2025-06-29T11:03:54.632491,ERROR_PAGE,,UNDEFINED_TITLE_OR_ERROR_INDICATORS,undefined,31648,6.572608709335327,https://vsdigital-bookingwidget-prod.azurewebsites.net/b/MTA4Mw==,https://vsdigital-bookingwidget-prod.azurewebsites.net/widget,1,2,ACTIVE,"S&K Wellness, LLC",ACTIVE_BUSINESS,"S&K Wellness, LLC",45398,5.9136457443237305,https://booking.hydreight.com/b/MTA4Mw==,https://booking.hydreight.com/widget-business/yx96h,7,2,False,True,False,True,"S&K Wellness, LLC",Hydreight
MTA4NA==,2025-06-29T11:04:05.310065,ERROR_PAGE,,UNDEFINED_TITLE_OR_ERROR_INDICATORS,undefined,31648,5.285927057266235,https://vsdigital-bookingwidget-prod.azurewebsites.net/b/MTA4NA==,https://vsdigital-bookingwidget-prod.azurewebsites.net/widget,1,2,ERROR_PAGE,,UNDEFINED_TITLE_OR_ERROR_INDICATORS,undefined,31260,5.283202886581421,https://booking.hydreight.com/b/MTA4NA==,https://booking.hydreight.com/widget,2,2,False,False,False,False,,None
MTA4NQ==,2025-06-29T11:04:17.916153,ERROR_PAGE,,UNDEFINED_TITLE_OR_ERROR_INDICATORS,undefined,31648,6.570796012878418,https://vsdigital-bookingwidget-prod.azurewebsites.net/b/MTA4NQ==,https://vsdigital-bookingwidget-prod.azurewebsites.net/widget,1,2,ERROR_PAGE,,UNDEFINED_TITLE_OR_ERROR_INDICATORS,undefined,31260,5.9269020557403564,https://booking.hydreight.com/b/MTA4NQ==,https://booking.hydreight.com/widget,2,2,False,False,False,False,,None
MTA4Ng==,2025-06-29T11:04:29.862022,ERROR_PAGE,,UNDEFINED_TITLE_OR_ERROR_INDICATORS,undefined,31648,6.560003995895386,https://vsdigital-bookingwidget-prod.azurewebsites.net/b/MTA4Ng==,https://vsdigital-bookingwidget-prod.azurewebsites.net/widget,1,2,ERROR_PAGE,,UNDEFINED_TITLE_OR_ERROR_INDICATORS,undefined,31260,5.277453899383545,https://booking.hydreight.com/b/MTA4Ng==,https://booking.hydreight.com/widget,2,2,False,False,False,False,,None
MTA4Nw==,2025-06-29T11:04:41.625640,ERROR_PAGE,,UNDEFINED_TITLE_OR_ERROR_INDICATORS,undefined,31648,6.379281997680664,https://vsdigital-bookingwidget-prod.azurewebsites.net/b/MTA4Nw==,https://vsdigital-bookingwidget-prod.azurewebsites.net/widget,1,2,ERROR_PAGE,,UNDEFINED_TITLE_OR_ERROR_INDICATORS,undefined,31260,5.275770902633667,https://booking.hydreight.com/b/MTA4Nw==,https://booking.hydreight.com/widget,2,2,False,False,False,False,,None
MTA4OA==,2025-06-29T11:04:57.394272,ERROR_PAGE,,UNDEFINED_TITLE_OR_ERROR_INDICATORS,undefined,31648,8.842477083206177,https://vsdigital-bookingwidget-prod.azurewebsites.net/b/MTA4OA==,https://vsdigital-bookingwidget-prod.azurewebsites.net/widget,1,2,ACTIVE,Queen IV LLC,ACTIVE_BUSINESS,Queen IV LLC,45281,6.817183017730713,https://booking.hydreight.com/b/MTA4OA==,https://booking.hydreight.com/widget-business/fn94n,6,2,False,True,False,True,Queen IV LLC,Hydreight
MTA4OQ==,2025-06-29T11:05:15.946048,ERROR_PAGE,,UNDEFINED_TITLE_OR_ERROR_INDICATORS,undefined,31648,6.4693989753723145,https://vsdigital-bookingwidget-prod.azurewebsites.net/b/MTA4OQ==,https://vsdigital-bookingwidget-prod.azurewebsites.net/widget,1,2,ERROR_PAGE,,UNDEFINED_TITLE_OR_ERROR_INDICATORS,undefined,25996,11.974914073944092,https://booking.hydreight.com/b/MTA4OQ==,https://booking.hydreight.com/widget,1,1,False,False,False,False,,None
MTA5MA==,2025-06-29T11:05:30.249188,ERROR_PAGE,,UNDEFINED_TITLE_OR_ERROR_INDICATORS,undefined,31648,8.890964984893799,https://vsdigital-bookingwidget-prod.azurewebsites.net/b/MTA5MA==,https://vsdigital-bookingwidget-prod.azurewebsites.net/widget,1,2,ERROR_PAGE,,UNDEFINED_TITLE_OR_ERROR_INDICATORS,undefined,31260,5.307572841644287,https://booking.hydreight.com/b/MTA5MA==,https://booking.hydreight.com/widget,2,2,False,False,False,False,,None
MTA5MQ==,2025-06-29T11:05:44.733752,ERROR_PAGE,,UNDEFINED_TITLE_OR_ERROR_INDICATORS,undefined,31648,9.046709060668945,https://vsdigital-bookingwidget-prod.azurewebsites.net/b/MTA5MQ==,https://vsdigital-bookingwidget-prod.azurewebsites.net/widget,1,2,ERROR_PAGE,,UNDEFINED_TITLE_OR_ERROR_INDICATORS,undefined,31260,5.33087682723999,https://booking.hydreight.com/b/MTA5MQ==,https://booking.hydreight.com/widget,2,2,False,False,False,False,,None
MTA5Mg==,2025-06-29T11:05:59.920704,ERROR_PAGE,,UNDEFINED_TITLE_OR_ERROR_INDICATORS,undefined,31648,6.542212247848511,https://vsdigital-bookingwidget-prod.azurewebsites.net/b/MTA5Mg==,https://vsdigital-bookingwidget-prod.azurewebsites.net/widget,1,2,ERROR_PAGE,,UNDEFINED_TITLE_OR_ERROR_INDICATORS,undefined,31260,8.53694486618042,https://booking.hydreight.com/b/MTA5Mg==,https://booking.hydreight.com/widget,2,2,False,False,False,False,,None
MTA5Mw==,2025-06-29T11:06:12.854068,ERROR_PAGE,,UNDEFINED_TITLE_OR_ERROR_INDICATORS,undefined,31648,6.77970290184021,https://vsdigital-bookingwidget-prod.azurewebsites.net/b/MTA5Mw==,https://vsdigital-bookingwidget-prod.azurewebsites.net/widget,1,2,ERROR_PAGE,,EMPTY_TITLE_INVALID_URL,,33284,6.046108961105347,https://booking.hydreight.com/b/MTA5Mw==,https://booking.hydreight.com/b/MTA5Mw==,1,1,False,False,False,False,,None
MTA5NA==,2025-06-29T11:06:30.586040,ERROR_PAGE,,UNDEFINED_TITLE_OR_ERROR_INDICATORS,undefined,31648,6.88870096206665,https://vsdigital-bookingwidget-prod.azurewebsites.net/b/MTA5NA==,https://vsdigital-bookingwidget-prod.azurewebsites.net/widget,1,2,ACTIVE,Once Upon A Drip,ACTIVE_BUSINESS,Once Upon A Drip,45255,10.736454963684082,https://booking.hydreight.com/b/MTA5NA==,https://booking.hydreight.com/widget-business/nx77i,5,2,False,True,False,True,Once Upon A Drip,Hydreight
MTA5NQ==,2025-06-29T11:06:43.541733,ERROR_PAGE,,UNDEFINED_TITLE_OR_ERROR_INDICATORS,undefined,31648,6.646461009979248,https://vsdigital-bookingwidget-prod.azurewebsites.net/b/MTA5NQ==,https://vsdigital-bookingwidget-prod.azurewebsites.net/widget,1,2,ERROR_PAGE,,UNDEFINED_TITLE_OR_ERROR_INDICATORS,undefined,31260,6.201527118682861,https://booking.hydreight.com/b/MTA5NQ==,https://booking.hydreight.com/widget,2,2,False,False,False,False,,None
MTA5Ng==,2025-06-29T11:06:56.620467,ERROR_PAGE,,UNDEFINED_TITLE_OR_ERROR_INDICATORS,undefined,31648,6.328567981719971,https://vsdigital-bookingwidget-prod.azurewebsites.net/b/MTA5Ng==,https://vsdigital-bookingwidget-prod.azurewebsites.net/widget,1,2,ACTIVE,Arizona Bliss Aesthetics,ACTIVE_BUSINESS,Arizona Bliss Aesthetics,32166,6.641703844070435,https://booking.hydreight.com/b/MTA5Ng==,https://booking.hydreight.com/widget-business/ll04t,2,3,False,True,False,True,Arizona Bliss Aesthetics,Hydreight
MTA5Nw==,2025-06-29T11:07:10.919640,ERROR_PAGE,,UNDEFINED_TITLE_OR_ERROR_INDICATORS,undefined,31648,8.13044786453247,https://vsdigital-bookingwidget-prod.azurewebsites.net/b/MTA5Nw==,https://vsdigital-bookingwidget-prod.azurewebsites.net/widget,1,2,ERROR_PAGE,,UNDEFINED_TITLE_OR_ERROR_INDICATORS,undefined,31260,6.060313701629639,https://booking.hydreight.com/b/MTA5Nw==,https://booking.hydreight.com/widget,2,2,False,False,False,False,,None
MTA5OA==,2025-06-29T11:07:27.743427,ERROR_PAGE,,UNDEFINED_TITLE_OR_ERROR_INDICATORS,undefined,31647,11.38575792312622,https://vsdigital-bookingwidget-prod.azurewebsites.net/b/MTA5OA==,https://vsdigital-bookingwidget-prod.azurewebsites.net/widget,1,2,ERROR_PAGE,,UNDEFINED_TITLE_OR_ERROR_INDICATORS,undefined,31260,5.330476999282837,https://booking.hydreight.com/b/MTA5OA==,https://booking.hydreight.com/widget,2,2,False,False,False,False,,None
MTA5OQ==,2025-06-29T11:07:47.137157,ERROR_PAGE,,UNDEFINED_TITLE_OR_ERROR_INDICATORS,undefined,31648,10.809946060180664,https://vsdigital-bookingwidget-prod.azurewebsites.net/b/MTA5OQ==,https://vsdigital-bookingwidget-prod.azurewebsites.net/widget,1,2,ERROR_PAGE,,UNDEFINED_TITLE_OR_ERROR_INDICATORS,undefined,31260,8.465013027191162,https://booking.hydreight.com/b/MTA5OQ==,https://booking.hydreight.com/widget,2,2,False,False,False,False,,None
MTEwMA==,2025-06-29T11:08:05.567510,ERROR_PAGE,,UNDEFINED_TITLE_OR_ERROR_INDICATORS,undefined,31648,13.042262077331543,https://vsdigital-bookingwidget-prod.azurewebsites.net/b/MTEwMA==,https://vsdigital-bookingwidget-prod.azurewebsites.net/widget,1,2,ERROR_PAGE,,UNDEFINED_TITLE_OR_ERROR_INDICATORS,undefined,31260,5.279700994491577,https://booking.hydreight.com/b/MTEwMA==,https://booking.hydreight.com/widget,2,2,False,False,False,False,,None
MTEwMQ==,2025-06-29T11:08:22.343229,TIMEOUT,,TIMEOUT_ERROR,,0,10,https://vsdigital-bookingwidget-prod.azurewebsites.net/b/MTEwMQ==,,0,0,ERROR_PAGE,,UNDEFINED_TITLE_OR_ERROR_INDICATORS,undefined,31260,6.615299224853516,https://booking.hydreight.com/b/MTEwMQ==,https://booking.hydreight.com/widget,2,2,False,False,False,False,,None
MTEwMg==,2025-06-29T11:08:42.463341,ERROR_PAGE,,UNDEFINED_TITLE_OR_ERROR_INDICATORS,undefined,31648,11.343255758285522,https://vsdigital-bookingwidget-prod.azurewebsites.net/b/MTEwMg==,https://vsdigital-bookingwidget-prod.azurewebsites.net/widget,1,2,ACTIVE,Mobile Drip,ACTIVE_BUSINESS,Mobile Drip,36507,8.668492078781128,https://booking.hydreight.com/b/MTEwMg==,https://booking.hydreight.com/widget-business/cx95e,5,1,False,True,False,True,Mobile Drip,Hydreight
MTEwMw==,2025-06-29T11:08:58.668040,ERROR_PAGE,,UNDEFINED_TITLE_OR_ERROR_INDICATORS,undefined,31647,8.293383121490479,https://vsdigital-bookingwidget-prod.azurewebsites.net/b/MTEwMw==,https://vsdigital-bookingwidget-prod.azurewebsites.net/widget,1,2,ERROR_PAGE,,UNDEFINED_TITLE_OR_ERROR_INDICATORS,undefined,31260,7.803921937942505,https://booking.hydreight.com/b/MTEwMw==,https://booking.hydreight.com/widget,2,2,False,False,False,False,,None
MTEwNA==,2025-06-29T11:09:11.064162,ERROR_PAGE,,UNDEFINED_TITLE_OR_ERROR_INDICATORS,undefined,31648,7.015285015106201,https://vsdigital-bookingwidget-prod.azurewebsites.net/b/MTEwNA==,https://vsdigital-bookingwidget-prod.azurewebsites.net/widget,1,2,ACTIVE,B-Well Lifestyle,ACTIVE_BUSINESS,B-Well Lifestyle,33775,5.272288084030151,https://booking.hydreight.com/b/MTEwNA==,https://booking.hydreight.com/b/MTEwNA==,4,1,False,True,False,True,B-Well Lifestyle,Hydreight
MTEwNQ==,2025-06-29T11:09:22.349131,ERROR_PAGE,,UNDEFINED_TITLE_OR_ERROR_INDICATORS,undefined,31648,5.2896997928619385,https://vsdigital-bookingwidget-prod.azurewebsites.net/b/MTEwNQ==,https://vsdigital-bookingwidget-prod.azurewebsites.net/widget,1,2,ERROR_PAGE,,UNDEFINED_TITLE_OR_ERROR_INDICATORS,undefined,31260,5.887524843215942,https://booking.hydreight.com/b/MTEwNQ==,https://booking.hydreight.com/widget,2,2,False,False,False,False,,None
MTEwNg==,2025-06-29T11:09:35.623589,ERROR_PAGE,,UNDEFINED_TITLE_OR_ERROR_INDICATORS,undefined,31648,7.324274063110352,https://vsdigital-bookingwidget-prod.azurewebsites.net/b/MTEwNg==,https://vsdigital-bookingwidget-prod.azurewebsites.net/widget,1,2,ERROR_PAGE,,UNDEFINED_TITLE_OR_ERROR_INDICATORS,undefined,31260,5.843179941177368,https://booking.hydreight.com/b/MTEwNg==,https://booking.hydreight.com/widget,2,2,False,False,False,False,,None
MTEwNw==,2025-06-29T11:09:50.385331,ERROR_PAGE,,UNDEFINED_TITLE_OR_ERROR_INDICATORS,undefined,31648,6.856283903121948,https://vsdigital-bookingwidget-prod.azurewebsites.net/b/MTEwNw==,https://vsdigital-bookingwidget-prod.azurewebsites.net/widget,1,2,ERROR_PAGE,,UNDEFINED_TITLE_OR_ERROR_INDICATORS,undefined,31260,7.7970359325408936,https://booking.hydreight.com/b/MTEwNw==,https://booking.hydreight.com/widget,2,2,False,False,False,False,,None
MTEwOA==,2025-06-29T11:10:02.734817,ERROR_PAGE,,UNDEFINED_TITLE_OR_ERROR_INDICATORS,undefined,31648,6.959129810333252,https://vsdigital-bookingwidget-prod.azurewebsites.net/b/MTEwOA==,https://vsdigital-bookingwidget-prod.azurewebsites.net/widget,1,2,ERROR_PAGE,,UNDEFINED_TITLE_OR_ERROR_INDICATORS,undefined,31260,5.282652854919434,https://booking.hydreight.com/b/MTEwOA==,https://booking.hydreight.com/widget,2,2,False,False,False,False,,None
MTEwOQ==,2025-06-29T11:10:15.309729,ERROR_PAGE,,UNDEFINED_TITLE_OR_ERROR_INDICATORS,undefined,31648,6.630115032196045,https://vsdigital-bookingwidget-prod.azurewebsites.net/b/MTEwOQ==,https://vsdigital-bookingwidget-prod.azurewebsites.net/widget,1,2,ERROR_PAGE,,UNDEFINED_TITLE_OR_ERROR_INDICATORS,undefined,31260,5.836345911026001,https://booking.hydreight.com/b/MTEwOQ==,https://booking.hydreight.com/widget,2,2,False,False,False,False,,None
MTExMA==,2025-06-29T11:10:26.702614,ERROR_PAGE,,UNDEFINED_TITLE_OR_ERROR_INDICATORS,undefined,31648,5.3028528690338135,https://vsdigital-bookingwidget-prod.azurewebsites.net/b/MTExMA==,https://vsdigital-bookingwidget-prod.azurewebsites.net/widget,1,2,ERROR_PAGE,,UNDEFINED_TITLE_OR_ERROR_INDICATORS,undefined,31260,5.981638193130493,https://booking.hydreight.com/b/MTExMA==,https://booking.hydreight.com/widget,2,2,False,False,False,False,,None
MTExMQ==,2025-06-29T11:10:41.912392,ERROR_PAGE,,UNDEFINED_TITLE_OR_ERROR_INDICATORS,undefined,31648,9.239719152450562,https://vsdigital-bookingwidget-prod.azurewebsites.net/b/MTExMQ==,https://vsdigital-bookingwidget-prod.azurewebsites.net/widget,1,2,ERROR_PAGE,,UNDEFINED_TITLE_OR_ERROR_INDICATORS,undefined,31260,5.861644983291626,https://booking.hydreight.com/b/MTExMQ==,https://booking.hydreight.com/widget,2,2,False,False,False,False,,None
MTExMg==,2025-06-29T11:10:54.904313,ERROR_PAGE,,UNDEFINED_TITLE_OR_ERROR_INDICATORS,undefined,31648,7.030111074447632,https://vsdigital-bookingwidget-prod.azurewebsites.net/b/MTExMg==,https://vsdigital-bookingwidget-prod.azurewebsites.net/widget,1,2,ACTIVE,NovaLife,ACTIVE_BUSINESS,NovaLife,33769,5.853427886962891,https://booking.hydreight.com/b/MTExMg==,https://booking.hydreight.com/b/MTExMg==,4,1,False,True,False,True,NovaLife,Hydreight
MTExMw==,2025-06-29T11:11:07.416840,ERROR_PAGE,,UNDEFINED_TITLE_OR_ERROR_INDICATORS,undefined,31648,6.569944143295288,https://vsdigital-bookingwidget-prod.azurewebsites.net/b/MTExMw==,https://vsdigital-bookingwidget-prod.azurewebsites.net/widget,1,2,ERROR_PAGE,,UNDEFINED_TITLE_OR_ERROR_INDICATORS,undefined,31260,5.834146022796631,https://booking.hydreight.com/b/MTExMw==,https://booking.hydreight.com/widget,2,2,False,False,False,False,,None
MTExNA==,2025-06-29T11:11:22.549291,ERROR_PAGE,,UNDEFINED_TITLE_OR_ERROR_INDICATORS,undefined,31648,6.8208770751953125,https://vsdigital-bookingwidget-prod.azurewebsites.net/b/MTExNA==,https://vsdigital-bookingwidget-prod.azurewebsites.net/widget,1,2,ERROR_PAGE,,UNDEFINED_TITLE_OR_ERROR_INDICATORS,undefined,31260,8.203256130218506,https://booking.hydreight.com/b/MTExNA==,https://booking.hydreight.com/widget,2,2,False,False,False,False,,None
MTExNQ==,2025-06-29T11:11:35.117057,ERROR_PAGE,,UNDEFINED_TITLE_OR_ERROR_INDICATORS,undefined,31648,6.599950075149536,https://vsdigital-bookingwidget-prod.azurewebsites.net/b/MTExNQ==,https://vsdigital-bookingwidget-prod.azurewebsites.net/widget,1,2,ERROR_PAGE,,UNDEFINED_TITLE_OR_ERROR_INDICATORS,undefined,31260,5.859401226043701,https://booking.hydreight.com/b/MTExNQ==,https://booking.hydreight.com/widget,2,2,False,False,False,False,,None
MTExNg==,2025-06-29T11:11:49.018112,ERROR_PAGE,,UNDEFINED_TITLE_OR_ERROR_INDICATORS,undefined,31648,7.791451930999756,https://vsdigital-bookingwidget-prod.azurewebsites.net/b/MTExNg==,https://vsdigital-bookingwidget-prod.azurewebsites.net/widget,1,2,ERROR_PAGE,,UNDEFINED_TITLE_OR_ERROR_INDICATORS,undefined,31260,6.001183032989502,https://booking.hydreight.com/b/MTExNg==,https://booking.hydreight.com/widget,2,2,False,False,False,False,,None
MTExNw==,2025-06-29T11:12:02.343560,ERROR_PAGE,,UNDEFINED_TITLE_OR_ERROR_INDICATORS,undefined,31648,6.54679274559021,https://vsdigital-bookingwidget-prod.azurewebsites.net/b/MTExNw==,https://vsdigital-bookingwidget-prod.azurewebsites.net/widget,1,2,ACTIVE,Rock Forward Wellness,ACTIVE_BUSINESS,Rock Forward Wellness,33841,6.67020583152771,https://booking.hydreight.com/b/MTExNw==,https://booking.hydreight.com/b/MTExNw==,5,2,False,True,False,True,Rock Forward Wellness,Hydreight
MTExOA==,2025-06-29T11:12:14.729605,ERROR_PAGE,,UNDEFINED_TITLE_OR_ERROR_INDICATORS,undefined,31648,7.003997802734375,https://vsdigital-bookingwidget-prod.azurewebsites.net/b/MTExOA==,https://vsdigital-bookingwidget-prod.azurewebsites.net/widget,1,2,ACTIVE,Zeeva Selfcare,ACTIVE_BUSINESS,Zeeva Selfcare,33813,5.273995637893677,https://booking.hydreight.com/b/MTExOA==,https://booking.hydreight.com/b/MTExOA==,3,1,False,True,False,True,Zeeva Selfcare,Hydreight
MTExOQ==,2025-06-29T11:12:27.369651,ERROR_PAGE,,UNDEFINED_TITLE_OR_ERROR_INDICATORS,undefined,31648,6.487141847610474,https://vsdigital-bookingwidget-prod.azurewebsites.net/b/MTExOQ==,https://vsdigital-bookingwidget-prod.azurewebsites.net/widget,1,2,ERROR_PAGE,,UNDEFINED_TITLE_OR_ERROR_INDICATORS,undefined,31260,6.044501066207886,https://booking.hydreight.com/b/MTExOQ==,https://booking.hydreight.com/widget,2,2,False,False,False,False,,None
MTEyMA==,2025-06-29T11:12:40.156832,ERROR_PAGE,,UNDEFINED_TITLE_OR_ERROR_INDICATORS,undefined,31648,6.79911208152771,https://vsdigital-bookingwidget-prod.azurewebsites.net/b/MTEyMA==,https://vsdigital-bookingwidget-prod.azurewebsites.net/widget,1,2,ACTIVE,Hydronurses LLC,ACTIVE_BUSINESS,Hydronurses LLC,45290,5.879159927368164,https://booking.hydreight.com/b/MTEyMA==,https://booking.hydreight.com/widget-business/cd61s,6,2,False,True,False,True,Hydronurses LLC,Hydreight
MTEyMQ==,2025-06-29T11:12:53.095187,ERROR_PAGE,,UNDEFINED_TITLE_OR_ERROR_INDICATORS,undefined,31648,6.834536075592041,https://vsdigital-bookingwidget-prod.azurewebsites.net/b/MTEyMQ==,https://vsdigital-bookingwidget-prod.azurewebsites.net/widget,1,2,ERROR_PAGE,,UNDEFINED_TITLE_OR_ERROR_INDICATORS,undefined,31260,5.995306968688965,https://booking.hydreight.com/b/MTEyMQ==,https://booking.hydreight.com/widget,2,2,False,False,False,False,,None
MTEyMg==,2025-06-29T11:13:05.555152,ERROR_PAGE,,UNDEFINED_TITLE_OR_ERROR_INDICATORS,undefined,31648,6.557478189468384,https://vsdigital-bookingwidget-prod.azurewebsites.net/b/MTEyMg==,https://vsdigital-bookingwidget-prod.azurewebsites.net/widget,1,2,ACTIVE,The Healing Hub,ACTIVE_BUSINESS,The Healing Hub,33787,5.793991804122925,https://booking.hydreight.com/b/MTEyMg==,https://booking.hydreight.com/b/MTEyMg==,4,1,False,True,False,True,The Healing Hub,Hydreight
MTEyMw==,2025-06-29T11:13:18.725025,ERROR_PAGE,,UNDEFINED_TITLE_OR_ERROR_INDICATORS,undefined,31648,6.562962293624878,https://vsdigital-bookingwidget-prod.azurewebsites.net/b/MTEyMw==,https://vsdigital-bookingwidget-prod.azurewebsites.net/widget,1,2,ERROR_PAGE,,UNDEFINED_TITLE_OR_ERROR_INDICATORS,undefined,31260,6.498585939407349,https://booking.hydreight.com/b/MTEyMw==,https://booking.hydreight.com/widget,2,2,False,False,False,False,,None
MTEyNA==,2025-06-29T11:13:32.945750,ERROR_PAGE,,UNDEFINED_TITLE_OR_ERROR_INDICATORS,undefined,31648,6.470927953720093,https://vsdigital-bookingwidget-prod.azurewebsites.net/b/MTEyNA==,https://vsdigital-bookingwidget-prod.azurewebsites.net/widget,1,2,ACTIVE,All Things Hydration LLC,ACTIVE_BUSINESS,All Things Hydration LLC,33813,7.628664016723633,https://booking.hydreight.com/b/MTEyNA==,https://booking.hydreight.com/b/MTEyNA==,4,1,False,True,False,True,All Things Hydration LLC,Hydreight
MTEyNQ==,2025-06-29T11:13:45.865659,ERROR_PAGE,,UNDEFINED_TITLE_OR_ERROR_INDICATORS,undefined,31648,6.805230140686035,https://vsdigital-bookingwidget-prod.azurewebsites.net/b/MTEyNQ==,https://vsdigital-bookingwidget-prod.azurewebsites.net/widget,1,2,ERROR_PAGE,,UNDEFINED_TITLE_OR_ERROR_INDICATORS,undefined,31260,6.006248950958252,https://booking.hydreight.com/b/MTEyNQ==,https://booking.hydreight.com/widget,2,2,False,False,False,False,,None
MTEyNg==,2025-06-29T11:13:59.233680,ERROR_PAGE,,UNDEFINED_TITLE_OR_ERROR_INDICATORS,undefined,31648,6.831773996353149,https://vsdigital-bookingwidget-prod.azurewebsites.net/b/MTEyNg==,https://vsdigital-bookingwidget-prod.azurewebsites.net/widget,1,2,ERROR_PAGE,,UNDEFINED_TITLE_OR_ERROR_INDICATORS,undefined,31260,6.427818059921265,https://booking.hydreight.com/b/MTEyNg==,https://booking.hydreight.com/widget,2,2,False,False,False,False,,None
MTEyNw==,2025-06-29T11:14:14.137731,ERROR_PAGE,,UNDEFINED_TITLE_OR_ERROR_INDICATORS,undefined,31648,6.79351282119751,https://vsdigital-bookingwidget-prod.azurewebsites.net/b/MTEyNw==,https://vsdigital-bookingwidget-prod.azurewebsites.net/widget,1,2,ACTIVE,Fluidsolution IV Wellness & Aesthetics,ACTIVE_BUSINESS,Fluidsolution IV Wellness & Aesthetics,46013,8.003383159637451,https://booking.hydreight.com/b/MTEyNw==,https://booking.hydreight.com/widget-business/ne34v,9,2,False,True,False,True,Fluidsolution IV Wellness & Aesthetics,Hydreight
MTEyOA==,2025-06-29T11:14:26.950318,ERROR_PAGE,,UNDEFINED_TITLE_OR_ERROR_INDICATORS,undefined,31648,6.561362981796265,https://vsdigital-bookingwidget-prod.azurewebsites.net/b/MTEyOA==,https://vsdigital-bookingwidget-prod.azurewebsites.net/widget,1,2,ERROR_PAGE,,UNDEFINED_TITLE_OR_ERROR_INDICATORS,undefined,31260,6.142822980880737,https://booking.hydreight.com/b/MTEyOA==,https://booking.hydreight.com/widget,2,2,False,False,False,False,,None
MTEyOQ==,2025-06-29T11:14:38.302617,ERROR_PAGE,,UNDEFINED_TITLE_OR_ERROR_INDICATORS,undefined,31648,5.299108028411865,https://vsdigital-bookingwidget-prod.azurewebsites.net/b/MTEyOQ==,https://vsdigital-bookingwidget-prod.azurewebsites.net/widget,1,2,ERROR_PAGE,,UNDEFINED_TITLE_OR_ERROR_INDICATORS,undefined,31260,5.9447550773620605,https://booking.hydreight.com/b/MTEyOQ==,https://booking.hydreight.com/widget,2,2,False,False,False,False,,None
MTEzMA==,2025-06-29T11:14:52.662457,ERROR_PAGE,,UNDEFINED_TITLE_OR_ERROR_INDICATORS,undefined,31648,8.96947193145752,https://vsdigital-bookingwidget-prod.azurewebsites.net/b/MTEzMA==,https://vsdigital-bookingwidget-prod.azurewebsites.net/widget,1,2,ERROR_PAGE,,UNDEFINED_TITLE_OR_ERROR_INDICATORS,undefined,31260,5.281942129135132,https://booking.hydreight.com/b/MTEzMA==,https://booking.hydreight.com/widget,2,2,False,False,False,False,,None
MTEzMQ==,2025-06-29T11:15:05.298562,ERROR_PAGE,,UNDEFINED_TITLE_OR_ERROR_INDICATORS,undefined,31648,6.4992711544036865,https://vsdigital-bookingwidget-prod.azurewebsites.net/b/MTEzMQ==,https://vsdigital-bookingwidget-prod.azurewebsites.net/widget,1,2,ACTIVE,"Holistic IV Hydration, LLC",ACTIVE_BUSINESS,"Holistic IV Hydration, LLC",33828,6.028542995452881,https://booking.hydreight.com/b/MTEzMQ==,https://booking.hydreight.com/b/MTEzMQ==,4,1,False,True,False,True,"Holistic IV Hydration, LLC",Hydreight
MTEzMg==,2025-06-29T11:15:18.067696,ERROR_PAGE,,UNDEFINED_TITLE_OR_ERROR_INDICATORS,undefined,31648,6.572738170623779,https://vsdigital-bookingwidget-prod.azurewebsites.net/b/MTEzMg==,https://vsdigital-bookingwidget-prod.azurewebsites.net/widget,1,2,ACTIVE,Christine Guirate,ACTIVE_BUSINESS,Christine Guirate,32158,6.0885279178619385,https://booking.hydreight.com/b/MTEzMg==,https://booking.hydreight.com/widget-business/ob50t,2,2,False,True,False,True,Christine Guirate,Hydreight
MTEzMw==,2025-06-29T11:15:30.581049,ERROR_PAGE,,UNDEFINED_TITLE_OR_ERROR_INDICATORS,undefined,31648,6.583591938018799,https://vsdigital-bookingwidget-prod.azurewebsites.net/b/MTEzMw==,https://vsdigital-bookingwidget-prod.azurewebsites.net/widget,1,2,ERROR_PAGE,,UNDEFINED_TITLE_OR_ERROR_INDICATORS,undefined,31260,5.8216118812561035,https://booking.hydreight.com/b/MTEzMw==,https://booking.hydreight.com/widget,2,2,False,False,False,False,,None
MTEzNA==,2025-06-29T11:15:43.839804,ERROR_PAGE,,UNDEFINED_TITLE_OR_ERROR_INDICATORS,undefined,31648,6.5807178020477295,https://vsdigital-bookingwidget-prod.azurewebsites.net/b/MTEzNA==,https://vsdigital-bookingwidget-prod.azurewebsites.net/widget,1,2,ERROR_PAGE,,UNDEFINED_TITLE_OR_ERROR_INDICATORS,undefined,31260,6.569627046585083,https://booking.hydreight.com/b/MTEzNA==,https://booking.hydreight.com/widget,2,2,False,False,False,False,,None
MTEzNQ==,2025-06-29T11:15:57.988965,ERROR_PAGE,,UNDEFINED_TITLE_OR_ERROR_INDICATORS,undefined,31648,8.146322965621948,https://vsdigital-bookingwidget-prod.azurewebsites.net/b/MTEzNQ==,https://vsdigital-bookingwidget-prod.azurewebsites.net/widget,1,2,ERROR_PAGE,,UNDEFINED_TITLE_OR_ERROR_INDICATORS,undefined,31260,5.89443564414978,https://booking.hydreight.com/b/MTEzNQ==,https://booking.hydreight.com/widget,2,2,False,False,False,False,,None
MTEzNg==,2025-06-29T11:16:12.555540,ERROR_PAGE,,UNDEFINED_TITLE_OR_ERROR_INDICATORS,undefined,31648,8.514539003372192,https://vsdigital-bookingwidget-prod.azurewebsites.net/b/MTEzNg==,https://vsdigital-bookingwidget-prod.azurewebsites.net/widget,1,2,ERROR_PAGE,,UNDEFINED_TITLE_OR_ERROR_INDICATORS,undefined,31260,5.943636894226074,https://booking.hydreight.com/b/MTEzNg==,https://booking.hydreight.com/widget,2,2,False,False,False,False,,None
MTEzNw==,2025-06-29T11:16:24.269209,ERROR_PAGE,,UNDEFINED_TITLE_OR_ERROR_INDICATORS,undefined,31648,5.779047012329102,https://vsdigital-bookingwidget-prod.azurewebsites.net/b/MTEzNw==,https://vsdigital-bookingwidget-prod.azurewebsites.net/widget,1,2,ACTIVE,Revitalize Greenwood,ACTIVE_BUSINESS,Revitalize Greenwood,45321,5.826373100280762,https://booking.hydreight.com/b/MTEzNw==,https://booking.hydreight.com/widget-business/gw46h,6,2,False,True,False,True,Revitalize Greenwood,Hydreight
MTEzOA==,2025-06-29T11:16:38.842499,ERROR_PAGE,,UNDEFINED_TITLE_OR_ERROR_INDICATORS,undefined,31648,8.611023902893066,https://vsdigital-bookingwidget-prod.azurewebsites.net/b/MTEzOA==,https://vsdigital-bookingwidget-prod.azurewebsites.net/widget,1,2,ERROR_PAGE,,UNDEFINED_TITLE_OR_ERROR_INDICATORS,undefined,31260,5.853822946548462,https://booking.hydreight.com/b/MTEzOA==,https://booking.hydreight.com/widget,2,2,False,False,False,False,,None
MTEzOQ==,2025-06-29T11:16:51.398427,ERROR_PAGE,,UNDEFINED_TITLE_OR_ERROR_INDICATORS,undefined,31648,6.611055850982666,https://vsdigital-bookingwidget-prod.azurewebsites.net/b/MTEzOQ==,https://vsdigital-bookingwidget-prod.azurewebsites.net/widget,1,2,ACTIVE,Gulfcoast IV Wellness,ACTIVE_BUSINESS,Gulfcoast IV Wellness,36545,5.836242198944092,https://booking.hydreight.com/b/MTEzOQ==,https://booking.hydreight.com/widget-business/bc97i,6,1,False,True,False,True,Gulfcoast IV Wellness,Hydreight
MTE0MA==,2025-06-29T11:17:03.942508,ERROR_PAGE,,UNDEFINED_TITLE_OR_ERROR_INDICATORS,undefined,31648,6.6476922035217285,https://vsdigital-bookingwidget-prod.azurewebsites.net/b/MTE0MA==,https://vsdigital-bookingwidget-prod.azurewebsites.net/widget,1,2,ERROR_PAGE,,UNDEFINED_TITLE_OR_ERROR_INDICATORS,undefined,31260,5.787935018539429,https://booking.hydreight.com/b/MTE0MA==,https://booking.hydreight.com/widget,2,2,False,False,False,False,,None
MTE0MQ==,2025-06-29T11:17:18.795927,ERROR_PAGE,,UNDEFINED_TITLE_OR_ERROR_INDICATORS,undefined,31648,6.555646181106567,https://vsdigital-bookingwidget-prod.azurewebsites.net/b/MTE0MQ==,https://vsdigital-bookingwidget-prod.azurewebsites.net/widget,1,2,ERROR_PAGE,,UNDEFINED_TITLE_OR_ERROR_INDICATORS,undefined,31260,8.18942904472351,https://booking.hydreight.com/b/MTE0MQ==,https://booking.hydreight.com/widget,2,2,False,False,False,False,,None
MTE0Mg==,2025-06-29T11:17:34.085781,ERROR_PAGE,,UNDEFINED_TITLE_OR_ERROR_INDICATORS,undefined,31648,8.024475812911987,https://vsdigital-bookingwidget-prod.azurewebsites.net/b/MTE0Mg==,https://vsdigital-bookingwidget-prod.azurewebsites.net/widget,1,2,ERROR_PAGE,,UNDEFINED_TITLE_OR_ERROR_INDICATORS,undefined,31260,7.156965732574463,https://booking.hydreight.com/b/MTE0Mg==,https://booking.hydreight.com/widget,2,2,False,False,False,False,,None
MTE0Mw==,2025-06-29T11:17:46.048174,ERROR_PAGE,,UNDEFINED_TITLE_OR_ERROR_INDICATORS,undefined,31648,6.568373203277588,https://vsdigital-bookingwidget-prod.azurewebsites.net/b/MTE0Mw==,https://vsdigital-bookingwidget-prod.azurewebsites.net/widget,1,2,ERROR_PAGE,,UNDEFINED_TITLE_OR_ERROR_INDICATORS,undefined,31260,5.286133050918579,https://booking.hydreight.com/b/MTE0Mw==,https://booking.hydreight.com/widget,2,2,False,False,False,False,,None
MTE0NA==,2025-06-29T11:18:01.331672,ERROR_PAGE,,UNDEFINED_TITLE_OR_ERROR_INDICATORS,undefined,31648,9.04118299484253,https://vsdigital-bookingwidget-prod.azurewebsites.net/b/MTE0NA==,https://vsdigital-bookingwidget-prod.azurewebsites.net/widget,1,2,ERROR_PAGE,,UNDEFINED_TITLE_OR_ERROR_INDICATORS,undefined,31260,6.13387393951416,https://booking.hydreight.com/b/MTE0NA==,https://booking.hydreight.com/widget,2,2,False,False,False,False,,None
MTE0NQ==,2025-06-29T11:18:13.901838,ERROR_PAGE,,UNDEFINED_TITLE_OR_ERROR_INDICATORS,undefined,31648,6.605358123779297,https://vsdigital-bookingwidget-prod.azurewebsites.net/b/MTE0NQ==,https://vsdigital-bookingwidget-prod.azurewebsites.net/widget,1,2,ERROR_PAGE,,UNDEFINED_TITLE_OR_ERROR_INDICATORS,undefined,31260,5.856379985809326,https://booking.hydreight.com/b/MTE0NQ==,https://booking.hydreight.com/widget,2,2,False,False,False,False,,None
MTE0Ng==,2025-06-29T11:18:32.834433,ERROR_PAGE,,UNDEFINED_TITLE_OR_ERROR_INDICATORS,undefined,31648,6.546796083450317,https://vsdigital-bookingwidget-prod.azurewebsites.net/b/MTE0Ng==,https://vsdigital-bookingwidget-prod.azurewebsites.net/widget,1,2,ERROR_PAGE,,UNDEFINED_TITLE_OR_ERROR_INDICATORS,undefined,31260,12.277448892593384,https://booking.hydreight.com/b/MTE0Ng==,https://booking.hydreight.com/widget,2,2,False,False,False,False,,None
MTE0Nw==,2025-06-29T11:18:47.767372,ERROR_PAGE,,UNDEFINED_TITLE_OR_ERROR_INDICATORS,undefined,31648,8.899832010269165,https://vsdigital-bookingwidget-prod.azurewebsites.net/b/MTE0Nw==,https://vsdigital-bookingwidget-prod.azurewebsites.net/widget,1,2,ERROR_PAGE,,UNDEFINED_TITLE_OR_ERROR_INDICATORS,undefined,31260,5.9246790409088135,https://booking.hydreight.com/b/MTE0Nw==,https://booking.hydreight.com/widget,2,2,False,False,False,False,,None
MTE0OA==,2025-06-29T11:18:59.842354,ERROR_PAGE,,UNDEFINED_TITLE_OR_ERROR_INDICATORS,undefined,31648,5.4118688106536865,https://vsdigital-bookingwidget-prod.azurewebsites.net/b/MTE0OA==,https://vsdigital-bookingwidget-prod.azurewebsites.net/widget,1,2,ACTIVE,RemeDees LLC,ACTIVE_BUSINESS,RemeDees LLC,36521,6.5544593334198,https://booking.hydreight.com/b/MTE0OA==,https://booking.hydreight.com/widget-business/dx99o,5,1,False,True,False,True,RemeDees LLC,Hydreight
MTE0OQ==,2025-06-29T11:19:11.217121,ERROR_PAGE,,UNDEFINED_TITLE_OR_ERROR_INDICATORS,undefined,31648,5.309046983718872,https://vsdigital-bookingwidget-prod.azurewebsites.net/b/MTE0OQ==,https://vsdigital-bookingwidget-prod.azurewebsites.net/widget,1,2,ACTIVE,GSI health and wellness,ACTIVE_BUSINESS,GSI health and wellness,45376,5.94237494468689,https://booking.hydreight.com/b/MTE0OQ==,https://booking.hydreight.com/widget-business/ah76h,7,2,False,True,False,True,GSI health and wellness,Hydreight
MTE1MA==,2025-06-29T11:19:22.721918,ERROR_PAGE,,UNDEFINED_TITLE_OR_ERROR_INDICATORS,undefined,31648,5.280004978179932,https://vsdigital-bookingwidget-prod.azurewebsites.net/b/MTE1MA==,https://vsdigital-bookingwidget-prod.azurewebsites.net/widget,1,2,ERROR_PAGE,,UNDEFINED_TITLE_OR_ERROR_INDICATORS,undefined,31260,6.117066383361816,https://booking.hydreight.com/b/MTE1MA==,https://booking.hydreight.com/widget,2,2,False,False,False,False,,None
MTE1MQ==,2025-06-29T11:19:37.618952,ERROR_PAGE,,UNDEFINED_TITLE_OR_ERROR_INDICATORS,undefined,31648,8.895912885665894,https://vsdigital-bookingwidget-prod.azurewebsites.net/b/MTE1MQ==,https://vsdigital-bookingwidget-prod.azurewebsites.net/widget,1,2,ERROR_PAGE,,UNDEFINED_TITLE_OR_ERROR_INDICATORS,undefined,31260,5.892712354660034,https://booking.hydreight.com/b/MTE1MQ==,https://booking.hydreight.com/widget,2,2,False,False,False,False,,None
MTE1Mg==,2025-06-29T11:19:49.140211,ERROR_PAGE,,UNDEFINED_TITLE_OR_ERROR_INDICATORS,undefined,31648,5.297742128372192,https://vsdigital-bookingwidget-prod.azurewebsites.net/b/MTE1Mg==,https://vsdigital-bookingwidget-prod.azurewebsites.net/widget,1,2,ERROR_PAGE,,UNDEFINED_TITLE_OR_ERROR_INDICATORS,undefined,31260,6.115908145904541,https://booking.hydreight.com/b/MTE1Mg==,https://booking.hydreight.com/widget,2,2,False,False,False,False,,None
MTE1Mw==,2025-06-29T11:20:01.176971,ERROR_PAGE,,UNDEFINED_TITLE_OR_ERROR_INDICATORS,undefined,31648,6.659801959991455,https://vsdigital-bookingwidget-prod.azurewebsites.net/b/MTE1Mw==,https://vsdigital-bookingwidget-prod.azurewebsites.net/widget,1,2,ACTIVE,Lotus Longevity,ACTIVE_BUSINESS,Lotus Longevity,33895,5.268579006195068,https://booking.hydreight.com/b/MTE1Mw==,https://booking.hydreight.com/b/MTE1Mw==,4,1,False,True,False,True,Lotus Longevity,Hydreight
MTE1NA==,2025-06-29T11:20:12.690459,ERROR_PAGE,,UNDEFINED_TITLE_OR_ERROR_INDICATORS,undefined,31648,5.319005966186523,https://vsdigital-bookingwidget-prod.azurewebsites.net/b/MTE1NA==,https://vsdigital-bookingwidget-prod.azurewebsites.net/widget,1,2,ERROR_PAGE,,UNDEFINED_TITLE_OR_ERROR_INDICATORS,undefined,31260,6.0865159034729,https://booking.hydreight.com/b/MTE1NA==,https://booking.hydreight.com/widget,2,2,False,False,False,False,,None
MTE1NQ==,2025-06-29T11:20:26.038994,ERROR_PAGE,,UNDEFINED_TITLE_OR_ERROR_INDICATORS,undefined,31648,6.5608110427856445,https://vsdigital-bookingwidget-prod.azurewebsites.net/b/MTE1NQ==,https://vsdigital-bookingwidget-prod.azurewebsites.net/widget,1,2,ERROR_PAGE,,UNDEFINED_TITLE_OR_ERROR_INDICATORS,undefined,31260,6.679319143295288,https://booking.hydreight.com/b/MTE1NQ==,https://booking.hydreight.com/widget,2,2,False,False,False,False,,None
MTE1Ng==,2025-06-29T11:20:38.613498,ERROR_PAGE,,UNDEFINED_TITLE_OR_ERROR_INDICATORS,undefined,31648,6.544299125671387,https://vsdigital-bookingwidget-prod.azurewebsites.net/b/MTE1Ng==,https://vsdigital-bookingwidget-prod.azurewebsites.net/widget,1,2,ERROR_PAGE,,UNDEFINED_TITLE_OR_ERROR_INDICATORS,undefined,31260,5.921701192855835,https://booking.hydreight.com/b/MTE1Ng==,https://booking.hydreight.com/widget,2,2,False,False,False,False,,None
MTE1Nw==,2025-06-29T11:20:51.358172,ERROR_PAGE,,UNDEFINED_TITLE_OR_ERROR_INDICATORS,undefined,31648,6.6426780223846436,https://vsdigital-bookingwidget-prod.azurewebsites.net/b/MTE1Nw==,https://vsdigital-bookingwidget-prod.azurewebsites.net/widget,1,2,ERROR_PAGE,,UNDEFINED_TITLE_OR_ERROR_INDICATORS,undefined,31260,5.993585109710693,https://booking.hydreight.com/b/MTE1Nw==,https://booking.hydreight.com/widget,2,2,False,False,False,False,,None
MTE1OA==,2025-06-29T11:21:03.968279,ERROR_PAGE,,UNDEFINED_TITLE_OR_ERROR_INDICATORS,undefined,31648,6.589864253997803,https://vsdigital-bookingwidget-prod.azurewebsites.net/b/MTE1OA==,https://vsdigital-bookingwidget-prod.azurewebsites.net/widget,1,2,ERROR_PAGE,,UNDEFINED_TITLE_OR_ERROR_INDICATORS,undefined,31260,5.912078142166138,https://booking.hydreight.com/b/MTE1OA==,https://booking.hydreight.com/widget,2,2,False,False,False,False,,None
MTE1OQ==,2025-06-29T11:21:15.503821,ERROR_PAGE,,UNDEFINED_TITLE_OR_ERROR_INDICATORS,undefined,31648,5.2956390380859375,https://vsdigital-bookingwidget-prod.azurewebsites.net/b/MTE1OQ==,https://vsdigital-bookingwidget-prod.azurewebsites.net/widget,1,2,ERROR_PAGE,,UNDEFINED_TITLE_OR_ERROR_INDICATORS,undefined,31260,6.132430791854858,https://booking.hydreight.com/b/MTE1OQ==,https://booking.hydreight.com/widget,2,2,False,False,False,False,,None
MTE2MA==,2025-06-29T11:21:27.991856,ERROR_PAGE,,UNDEFINED_TITLE_OR_ERROR_INDICATORS,undefined,31648,6.587167978286743,https://vsdigital-bookingwidget-prod.azurewebsites.net/b/MTE2MA==,https://vsdigital-bookingwidget-prod.azurewebsites.net/widget,1,2,ERROR_PAGE,,UNDEFINED_TITLE_OR_ERROR_INDICATORS,undefined,31260,5.795930862426758,https://booking.hydreight.com/b/MTE2MA==,https://booking.hydreight.com/widget,2,2,False,False,False,False,,None
MTE2MQ==,2025-06-29T11:21:39.165714,ERROR_PAGE,,UNDEFINED_TITLE_OR_ERROR_INDICATORS,undefined,31648,5.2836010456085205,https://vsdigital-bookingwidget-prod.azurewebsites.net/b/MTE2MQ==,https://vsdigital-bookingwidget-prod.azurewebsites.net/widget,1,2,ERROR_PAGE,,UNDEFINED_TITLE_OR_ERROR_INDICATORS,undefined,31260,5.781781911849976,https://booking.hydreight.com/b/MTE2MQ==,https://booking.hydreight.com/widget,2,2,False,False,False,False,,None
MTE2Mg==,2025-06-29T11:21:50.901439,ERROR_PAGE,,UNDEFINED_TITLE_OR_ERROR_INDICATORS,undefined,31648,6.340643882751465,https://vsdigital-bookingwidget-prod.azurewebsites.net/b/MTE2Mg==,https://vsdigital-bookingwidget-prod.azurewebsites.net/widget,1,2,ACTIVE,Level-Up Wellness,ACTIVE_BUSINESS,Level-Up Wellness,33828,5.287025213241577,https://booking.hydreight.com/b/MTE2Mg==,https://booking.hydreight.com/b/MTE2Mg==,5,1,False,True,False,True,Level-Up Wellness,Hydreight
MTE2Mw==,2025-06-29T11:22:03.954138,ERROR_PAGE,,UNDEFINED_TITLE_OR_ERROR_INDICATORS,undefined,31648,6.546752691268921,https://vsdigital-bookingwidget-prod.azurewebsites.net/b/MTE2Mw==,https://vsdigital-bookingwidget-prod.azurewebsites.net/widget,1,2,ERROR_PAGE,,UNDEFINED_TITLE_OR_ERROR_INDICATORS,undefined,31260,6.398258924484253,https://booking.hydreight.com/b/MTE2Mw==,https://booking.hydreight.com/widget,2,2,False,False,False,False,,None
MTE2NA==,2025-06-29T11:22:17.906552,ERROR_PAGE,,UNDEFINED_TITLE_OR_ERROR_INDICATORS,undefined,31648,6.57324481010437,https://vsdigital-bookingwidget-prod.azurewebsites.net/b/MTE2NA==,https://vsdigital-bookingwidget-prod.azurewebsites.net/widget,1,2,ERROR_PAGE,,UNDEFINED_TITLE_OR_ERROR_INDICATORS,undefined,31260,7.275105953216553,https://booking.hydreight.com/b/MTE2NA==,https://booking.hydreight.com/widget,2,2,False,False,False,False,,None
MTE2NQ==,2025-06-29T11:22:30.408195,ERROR_PAGE,,UNDEFINED_TITLE_OR_ERROR_INDICATORS,undefined,31648,6.535061836242676,https://vsdigital-bookingwidget-prod.azurewebsites.net/b/MTE2NQ==,https://vsdigital-bookingwidget-prod.azurewebsites.net/widget,1,2,ACTIVE,Walla Walla Drip IV,ACTIVE_BUSINESS,Walla Walla Drip IV,45304,5.862040281295776,https://booking.hydreight.com/b/MTE2NQ==,https://booking.hydreight.com/widget-business/ul40v,6,2,False,True,False,True,Walla Walla Drip IV,Hydreight
MTE2Ng==,2025-06-29T11:22:42.048526,ERROR_PAGE,,UNDEFINED_TITLE_OR_ERROR_INDICATORS,undefined,31648,5.311388969421387,https://vsdigital-bookingwidget-prod.azurewebsites.net/b/MTE2Ng==,https://vsdigital-bookingwidget-prod.azurewebsites.net/widget,1,2,ACTIVE,HydroLux,ACTIVE_BUSINESS,HydroLux,34003,6.220362901687622,https://booking.hydreight.com/b/MTE2Ng==,https://booking.hydreight.com/b/MTE2Ng==,3,1,False,True,False,True,HydroLux,Hydreight
MTE2Nw==,2025-06-29T11:22:54.151670,ERROR_PAGE,,UNDEFINED_TITLE_OR_ERROR_INDICATORS,undefined,31648,6.7344582080841064,https://vsdigital-bookingwidget-prod.azurewebsites.net/b/MTE2Nw==,https://vsdigital-bookingwidget-prod.azurewebsites.net/widget,1,2,ERROR_PAGE,,UNDEFINED_TITLE_OR_ERROR_INDICATORS,undefined,31260,5.2657458782196045,https://booking.hydreight.com/b/MTE2Nw==,https://booking.hydreight.com/widget,2,2,False,False,False,False,,None
MTE2OA==,2025-06-29T11:23:07.065698,ERROR_PAGE,,UNDEFINED_TITLE_OR_ERROR_INDICATORS,undefined,31648,6.5837109088897705,https://vsdigital-bookingwidget-prod.azurewebsites.net/b/MTE2OA==,https://vsdigital-bookingwidget-prod.azurewebsites.net/widget,1,2,ERROR_PAGE,,UNDEFINED_TITLE_OR_ERROR_INDICATORS,undefined,31260,6.22205114364624,https://booking.hydreight.com/b/MTE2OA==,https://booking.hydreight.com/widget,2,2,False,False,False,False,,None
MTE2OQ==,2025-06-29T11:23:18.335691,ERROR_PAGE,,UNDEFINED_TITLE_OR_ERROR_INDICATORS,undefined,31648,5.280862808227539,https://vsdigital-bookingwidget-prod.azurewebsites.net/b/MTE2OQ==,https://vsdigital-bookingwidget-prod.azurewebsites.net/widget,1,2,ERROR_PAGE,,UNDEFINED_TITLE_OR_ERROR_INDICATORS,undefined,31260,5.881411075592041,https://booking.hydreight.com/b/MTE2OQ==,https://booking.hydreight.com/widget,2,2,False,False,False,False,,None
MTE3MA==,2025-06-29T11:23:33.333562,ERROR_PAGE,,UNDEFINED_TITLE_OR_ERROR_INDICATORS,undefined,31648,6.730774164199829,https://vsdigital-bookingwidget-prod.azurewebsites.net/b/MTE3MA==,https://vsdigital-bookingwidget-prod.azurewebsites.net/widget,1,2,ACTIVE,Beauty and Botox LLC,ACTIVE_BUSINESS,Beauty and Botox LLC,33791,8.160528898239136,https://booking.hydreight.com/b/MTE3MA==,https://booking.hydreight.com/b/MTE3MA==,4,1,False,True,False,True,Beauty and Botox LLC,Hydreight
MTE3MQ==,2025-06-29T11:23:45.350501,ERROR_PAGE,,UNDEFINED_TITLE_OR_ERROR_INDICATORS,undefined,31648,6.634976148605347,https://vsdigital-bookingwidget-prod.azurewebsites.net/b/MTE3MQ==,https://vsdigital-bookingwidget-prod.azurewebsites.net/widget,1,2,ACTIVE,Nurse2go LLC,ACTIVE_BUSINESS,Nurse2go LLC,33781,5.273802042007446,https://booking.hydreight.com/b/MTE3MQ==,https://booking.hydreight.com/b/MTE3MQ==,4,1,False,True,False,True,Nurse2go LLC,Hydreight
MTE3Mg==,2025-06-29T11:23:56.554894,ERROR_PAGE,,UNDEFINED_TITLE_OR_ERROR_INDICATORS,undefined,31648,5.277360200881958,https://vsdigital-bookingwidget-prod.azurewebsites.net/b/MTE3Mg==,https://vsdigital-bookingwidget-prod.azurewebsites.net/widget,1,2,ERROR_PAGE,,UNDEFINED_TITLE_OR_ERROR_INDICATORS,undefined,31260,5.8189051151275635,https://booking.hydreight.com/b/MTE3Mg==,https://booking.hydreight.com/widget,2,2,False,False,False,False,,None
MTE3Mw==,2025-06-29T11:24:11.087708,ERROR_PAGE,,UNDEFINED_TITLE_OR_ERROR_INDICATORS,undefined,31648,6.656736850738525,https://vsdigital-bookingwidget-prod.azurewebsites.net/b/MTE3Mw==,https://vsdigital-bookingwidget-prod.azurewebsites.net/widget,1,2,ACTIVE,Hydreight Demo,ACTIVE_BUSINESS,Hydreight Demo,45117,7.767102241516113,https://booking.hydreight.com/b/MTE3Mw==,https://booking.hydreight.com/widget-business/wp29r,6,2,False,True,False,True,Hydreight Demo,Hydreight
MTE3NA==,2025-06-29T11:24:23.641271,ERROR_PAGE,,UNDEFINED_TITLE_OR_ERROR_INDICATORS,undefined,31648,6.539704084396362,https://vsdigital-bookingwidget-prod.azurewebsites.net/b/MTE3NA==,https://vsdigital-bookingwidget-prod.azurewebsites.net/widget,1,2,ERROR_PAGE,,UNDEFINED_TITLE_OR_ERROR_INDICATORS,undefined,31260,5.889926910400391,https://booking.hydreight.com/b/MTE3NA==,https://booking.hydreight.com/widget,2,2,False,False,False,False,,None
MTE3NQ==,2025-06-29T11:24:37.519522,ERROR_PAGE,,UNDEFINED_TITLE_OR_ERROR_INDICATORS,undefined,31648,5.28992772102356,https://vsdigital-bookingwidget-prod.azurewebsites.net/b/MTE3NQ==,https://vsdigital-bookingwidget-prod.azurewebsites.net/widget,1,2,ERROR_PAGE,,UNDEFINED_TITLE_OR_ERROR_INDICATORS,undefined,31260,8.480082750320435,https://booking.hydreight.com/b/MTE3NQ==,https://booking.hydreight.com/widget,2,2,False,False,False,False,,None
MTE3Ng==,2025-06-29T11:24:49.968494,ERROR_PAGE,,UNDEFINED_TITLE_OR_ERROR_INDICATORS,undefined,31648,6.522430896759033,https://vsdigital-bookingwidget-prod.azurewebsites.net/b/MTE3Ng==,https://vsdigital-bookingwidget-prod.azurewebsites.net/widget,1,2,ERROR_PAGE,,UNDEFINED_TITLE_OR_ERROR_INDICATORS,undefined,31260,5.818255662918091,https://booking.hydreight.com/b/MTE3Ng==,https://booking.hydreight.com/widget,2,2,False,False,False,False,,None
MTE3Nw==,2025-06-29T11:25:02.262611,ERROR_PAGE,,UNDEFINED_TITLE_OR_ERROR_INDICATORS,undefined,31648,6.908919095993042,https://vsdigital-bookingwidget-prod.azurewebsites.net/b/MTE3Nw==,https://vsdigital-bookingwidget-prod.azurewebsites.net/widget,1,2,ERROR_PAGE,,UNDEFINED_TITLE_OR_ERROR_INDICATORS,undefined,31260,5.277384996414185,https://booking.hydreight.com/b/MTE3Nw==,https://booking.hydreight.com/widget,2,2,False,False,False,False,,None
MTE3OA==,2025-06-29T11:25:17.682394,ERROR_PAGE,,UNDEFINED_TITLE_OR_ERROR_INDICATORS,undefined,31648,6.824321985244751,https://vsdigital-bookingwidget-prod.azurewebsites.net/b/MTE3OA==,https://vsdigital-bookingwidget-prod.azurewebsites.net/widget,1,2,ERROR_PAGE,,UNDEFINED_TITLE_OR_ERROR_INDICATORS,undefined,31260,8.487195014953613,https://booking.hydreight.com/b/MTE3OA==,https://booking.hydreight.com/widget,2,2,False,False,False,False,,None
MTE3OQ==,2025-06-29T11:25:30.239335,ERROR_PAGE,,UNDEFINED_TITLE_OR_ERROR_INDICATORS,undefined,31648,6.60509991645813,https://vsdigital-bookingwidget-prod.azurewebsites.net/b/MTE3OQ==,https://vsdigital-bookingwidget-prod.azurewebsites.net/widget,1,2,ERROR_PAGE,,UNDEFINED_TITLE_OR_ERROR_INDICATORS,undefined,31260,5.844195127487183,https://booking.hydreight.com/b/MTE3OQ==,https://booking.hydreight.com/widget,2,2,False,False,False,False,,None
MTE4MA==,2025-06-29T11:25:42.514278,ERROR_PAGE,,UNDEFINED_TITLE_OR_ERROR_INDICATORS,undefined,31648,6.371320962905884,https://vsdigital-bookingwidget-prod.azurewebsites.net/b/MTE4MA==,https://vsdigital-bookingwidget-prod.azurewebsites.net/widget,1,2,ERROR_PAGE,,UNDEFINED_TITLE_OR_ERROR_INDICATORS,undefined,31260,5.797167778015137,https://booking.hydreight.com/b/MTE4MA==,https://booking.hydreight.com/widget,2,2,False,False,False,False,,None
MTE4MQ==,2025-06-29T11:25:55.046605,ERROR_PAGE,,UNDEFINED_TITLE_OR_ERROR_INDICATORS,undefined,31648,6.585826873779297,https://vsdigital-bookingwidget-prod.azurewebsites.net/b/MTE4MQ==,https://vsdigital-bookingwidget-prod.azurewebsites.net/widget,1,2,ERROR_PAGE,,UNDEFINED_TITLE_OR_ERROR_INDICATORS,undefined,31260,5.838093042373657,https://booking.hydreight.com/b/MTE4MQ==,https://booking.hydreight.com/widget,2,2,False,False,False,False,,None
MTE4Mg==,2025-06-29T11:26:06.327546,ERROR_PAGE,,UNDEFINED_TITLE_OR_ERROR_INDICATORS,undefined,31648,5.295778036117554,https://vsdigital-bookingwidget-prod.azurewebsites.net/b/MTE4Mg==,https://vsdigital-bookingwidget-prod.azurewebsites.net/widget,1,2,ERROR_PAGE,,UNDEFINED_TITLE_OR_ERROR_INDICATORS,undefined,31260,5.8770527839660645,https://booking.hydreight.com/b/MTE4Mg==,https://booking.hydreight.com/widget,2,2,False,False,False,False,,None
MTE4Mw==,2025-06-29T11:26:17.525776,ERROR_PAGE,,UNDEFINED_TITLE_OR_ERROR_INDICATORS,undefined,31648,5.286133050918579,https://vsdigital-bookingwidget-prod.azurewebsites.net/b/MTE4Mw==,https://vsdigital-bookingwidget-prod.azurewebsites.net/widget,1,2,ACTIVE,Generation Now Health and Beauty,ACTIVE_BUSINESS,Generation Now Health and Beauty,36571,5.803541898727417,https://booking.hydreight.com/b/MTE4Mw==,https://booking.hydreight.com/widget-business/ft09b,6,1,False,True,False,True,Generation Now Health and Beauty,Hydreight
MTE4NA==,2025-06-29T11:26:34.587718,ERROR_PAGE,,UNDEFINED_TITLE_OR_ERROR_INDICATORS,undefined,31648,8.915641784667969,https://vsdigital-bookingwidget-prod.azurewebsites.net/b/MTE4NA==,https://vsdigital-bookingwidget-prod.azurewebsites.net/widget,1,2,ERROR_PAGE,,UNDEFINED_TITLE_OR_ERROR_INDICATORS,undefined,31260,8.037874937057495,https://booking.hydreight.com/b/MTE4NA==,https://booking.hydreight.com/widget,2,2,False,False,False,False,,None
MTE4NQ==,2025-06-29T11:26:49.422591,ERROR_PAGE,,UNDEFINED_TITLE_OR_ERROR_INDICATORS,undefined,31648,6.559730291366577,https://vsdigital-bookingwidget-prod.azurewebsites.net/b/MTE4NQ==,https://vsdigital-bookingwidget-prod.azurewebsites.net/widget,1,2,ACTIVE,Sharla Battiest,ACTIVE_BUSINESS,Sharla Battiest,32156,8.166682243347168,https://booking.hydreight.com/b/MTE4NQ==,https://booking.hydreight.com/widget-business/br89u,2,2,False,True,False,True,Sharla Battiest,Hydreight
MTE4Ng==,2025-06-29T11:27:01.875308,ERROR_PAGE,,UNDEFINED_TITLE_OR_ERROR_INDICATORS,undefined,31648,6.543080806732178,https://vsdigital-bookingwidget-prod.azurewebsites.net/b/MTE4Ng==,https://vsdigital-bookingwidget-prod.azurewebsites.net/widget,1,2,ERROR_PAGE,,UNDEFINED_TITLE_OR_ERROR_INDICATORS,undefined,31260,5.801521062850952,https://booking.hydreight.com/b/MTE4Ng==,https://booking.hydreight.com/widget,2,2,False,False,False,False,,None
MTE4Nw==,2025-06-29T11:27:13.835313,ERROR_PAGE,,UNDEFINED_TITLE_OR_ERROR_INDICATORS,undefined,31648,6.562191009521484,https://vsdigital-bookingwidget-prod.azurewebsites.net/b/MTE4Nw==,https://vsdigital-bookingwidget-prod.azurewebsites.net/widget,1,2,ERROR_PAGE,,UNDEFINED_TITLE_OR_ERROR_INDICATORS,undefined,31260,5.289438009262085,https://booking.hydreight.com/b/MTE4Nw==,https://booking.hydreight.com/widget,2,2,False,False,False,False,,None
MTE4OA==,2025-06-29T11:27:26.606604,ERROR_PAGE,,UNDEFINED_TITLE_OR_ERROR_INDICATORS,undefined,31648,6.580801010131836,https://vsdigital-bookingwidget-prod.azurewebsites.net/b/MTE4OA==,https://vsdigital-bookingwidget-prod.azurewebsites.net/widget,1,2,ERROR_PAGE,,UNDEFINED_TITLE_OR_ERROR_INDICATORS,undefined,31260,6.082385301589966,https://booking.hydreight.com/b/MTE4OA==,https://booking.hydreight.com/widget,2,2,False,False,False,False,,None
MTE4OQ==,2025-06-29T11:27:38.986579,ERROR_PAGE,,UNDEFINED_TITLE_OR_ERROR_INDICATORS,undefined,31648,6.9741370677948,https://vsdigital-bookingwidget-prod.azurewebsites.net/b/MTE4OQ==,https://vsdigital-bookingwidget-prod.azurewebsites.net/widget,1,2,ACTIVE,Vital Essentials,ACTIVE_BUSINESS,Vital Essentials,33793,5.297681093215942,https://booking.hydreight.com/b/MTE4OQ==,https://booking.hydreight.com/b/MTE4OQ==,4,1,False,True,False,True,Vital Essentials,Hydreight
MTE5MA==,2025-06-29T11:27:54.262172,ERROR_PAGE,,UNDEFINED_TITLE_OR_ERROR_INDICATORS,undefined,31648,9.136394023895264,https://vsdigital-bookingwidget-prod.azurewebsites.net/b/MTE5MA==,https://vsdigital-bookingwidget-prod.azurewebsites.net/widget,1,2,ERROR_PAGE,,UNDEFINED_TITLE_OR_ERROR_INDICATORS,undefined,31260,6.030755996704102,https://booking.hydreight.com/b/MTE5MA==,https://booking.hydreight.com/widget,2,2,False,False,False,False,,None
MTE5MQ==,2025-06-29T11:28:06.889767,ERROR_PAGE,,UNDEFINED_TITLE_OR_ERROR_INDICATORS,undefined,31648,6.581977128982544,https://vsdigital-bookingwidget-prod.azurewebsites.net/b/MTE5MQ==,https://vsdigital-bookingwidget-prod.azurewebsites.net/widget,1,2,ERROR_PAGE,,UNDEFINED_TITLE_OR_ERROR_INDICATORS,undefined,31260,5.937148809432983,https://booking.hydreight.com/b/MTE5MQ==,https://booking.hydreight.com/widget,2,2,False,False,False,False,,None
MTE5Mg==,2025-06-29T11:28:17.553370,ERROR_PAGE,,UNDEFINED_TITLE_OR_ERROR_INDICATORS,undefined,31648,5.288084983825684,https://vsdigital-bookingwidget-prod.azurewebsites.net/b/MTE5Mg==,https://vsdigital-bookingwidget-prod.azurewebsites.net/widget,1,2,ERROR_PAGE,,UNDEFINED_TITLE_OR_ERROR_INDICATORS,undefined,31260,5.2677319049835205,https://booking.hydreight.com/b/MTE5Mg==,https://booking.hydreight.com/widget,2,2,False,False,False,False,,None
MTE5Mw==,2025-06-29T11:28:30.304000,ERROR_PAGE,,UNDEFINED_TITLE_OR_ERROR_INDICATORS,undefined,31648,6.8100738525390625,https://vsdigital-bookingwidget-prod.azurewebsites.net/b/MTE5Mw==,https://vsdigital-bookingwidget-prod.azurewebsites.net/widget,1,2,ACTIVE,Southern Minnesota IV Bar LLC,ACTIVE_BUSINESS,Southern Minnesota IV Bar LLC,31174,5.832277059555054,https://booking.hydreight.com/b/MTE5Mw==,https://booking.hydreight.com/widget-business/np69n,3,2,False,True,False,True,Southern Minnesota IV Bar LLC,Hydreight
MTE5NA==,2025-06-29T11:28:42.817626,ERROR_PAGE,,UNDEFINED_TITLE_OR_ERROR_INDICATORS,undefined,31648,6.582168817520142,https://vsdigital-bookingwidget-prod.azurewebsites.net/b/MTE5NA==,https://vsdigital-bookingwidget-prod.azurewebsites.net/widget,1,2,ERROR_PAGE,,UNDEFINED_TITLE_OR_ERROR_INDICATORS,undefined,31260,5.8240721225738525,https://booking.hydreight.com/b/MTE5NA==,https://booking.hydreight.com/widget,2,2,False,False,False,False,,None
MTE5NQ==,2025-06-29T11:28:54.561531,ERROR_PAGE,,UNDEFINED_TITLE_OR_ERROR_INDICATORS,undefined,31648,6.3543291091918945,https://vsdigital-bookingwidget-prod.azurewebsites.net/b/MTE5NQ==,https://vsdigital-bookingwidget-prod.azurewebsites.net/widget,1,2,ERROR_PAGE,,UNDEFINED_TITLE_OR_ERROR_INDICATORS,undefined,31260,5.281537055969238,https://booking.hydreight.com/b/MTE5NQ==,https://booking.hydreight.com/widget,2,2,False,False,False,False,,None
MTE5Ng==,2025-06-29T11:29:07.083757,ERROR_PAGE,,UNDEFINED_TITLE_OR_ERROR_INDICATORS,undefined,31648,6.604005813598633,https://vsdigital-bookingwidget-prod.azurewebsites.net/b/MTE5Ng==,https://vsdigital-bookingwidget-prod.azurewebsites.net/widget,1,2,ERROR_PAGE,,UNDEFINED_TITLE_OR_ERROR_INDICATORS,undefined,31260,5.8101019859313965,https://booking.hydreight.com/b/MTE5Ng==,https://booking.hydreight.com/widget,2,2,False,False,False,False,,None
MTE5Nw==,2025-06-29T11:29:20.147984,ERROR_PAGE,,UNDEFINED_TITLE_OR_ERROR_INDICATORS,undefined,31648,5.285033941268921,https://vsdigital-bookingwidget-prod.azurewebsites.net/b/MTE5Nw==,https://vsdigital-bookingwidget-prod.azurewebsites.net/widget,1,2,ACTIVE,Elite Hydration Therapy,ACTIVE_BUSINESS,Elite Hydration Therapy,45321,7.670772075653076,https://booking.hydreight.com/b/MTE5Nw==,https://booking.hydreight.com/widget-business/vc68w,7,2,False,True,False,True,Elite Hydration Therapy,Hydreight
MTE5OA==,2025-06-29T11:29:35.110829,ERROR_PAGE,,UNDEFINED_TITLE_OR_ERROR_INDICATORS,undefined,31648,6.672301769256592,https://vsdigital-bookingwidget-prod.azurewebsites.net/b/MTE5OA==,https://vsdigital-bookingwidget-prod.azurewebsites.net/widget,1,2,ERROR_PAGE,,UNDEFINED_TITLE_OR_ERROR_INDICATORS,undefined,31260,8.182151079177856,https://booking.hydreight.com/b/MTE5OA==,https://booking.hydreight.com/widget,2,2,False,False,False,False,,None
MTE5OQ==,2025-06-29T11:29:47.623035,ERROR_PAGE,,UNDEFINED_TITLE_OR_ERROR_INDICATORS,undefined,31648,6.54352593421936,https://vsdigital-bookingwidget-prod.azurewebsites.net/b/MTE5OQ==,https://vsdigital-bookingwidget-prod.azurewebsites.net/widget,1,2,ERROR_PAGE,,UNDEFINED_TITLE_OR_ERROR_INDICATORS,undefined,31260,5.843001842498779,https://booking.hydreight.com/b/MTE5OQ==,https://booking.hydreight.com/widget,2,2,False,False,False,False,,None
MTIwMA==,2025-06-29T11:29:59.514117,ERROR_PAGE,,UNDEFINED_TITLE_OR_ERROR_INDICATORS,undefined,31648,6.496104001998901,https://vsdigital-bookingwidget-prod.azurewebsites.net/b/MTIwMA==,https://vsdigital-bookingwidget-prod.azurewebsites.net/widget,1,2,ACTIVE,Infuz,ACTIVE_BUSINESS,Infuz,45275,5.286020755767822,https://booking.hydreight.com/b/MTIwMA==,https://booking.hydreight.com/widget-business/uf54c,5,2,False,True,False,True,Infuz,Hydreight
